SupplierID,SupplierName,Country
1,Supplier_1,India
2,Supplier_2,India
3,Supplier_3,Germany
4,Supplier_4,India
5,Supplier_5,China
6,Supplier_6,China
7,Supplier_7,USA
8,Supplier_8,China
9,Supplier_9,USA
10,Supplier_10,Germany
11,Supplier_11,China
12,Supplier_12,China
13,Supplier_13,Germany
14,Supplier_14,India
15,Supplier_15,USA
16,Supplier_16,China
17,Supplier_17,UK
18,Supplier_18,UK
19,Supplier_19,USA
20,Supplier_20,USA
21,Supplier_21,Germany
22,Supplier_22,China
23,Supplier_23,Germany
24,Supplier_24,India
25,Supplier_25,USA
26,Supplier_26,USA
27,Supplier_27,India
28,Supplier_28,China
29,Supplier_29,China
30,Supplier_30,China
31,Supplier_31,USA
32,Supplier_32,UK
33,Supplier_33,USA
34,Supplier_34,USA
35,Supplier_35,India
36,Supplier_36,India
37,Supplier_37,China
38,Supplier_38,UK
39,Supplier_39,Germany
40,Supplier_40,Germany
41,Supplier_41,Germany
42,Supplier_42,China
43,Supplier_43,USA
44,Supplier_44,India
45,Supplier_45,UK
46,Supplier_46,USA
47,Supplier_47,Germany
48,Supplier_48,China
49,Supplier_49,USA
50,Supplier_50,India
51,Supplier_51,UK
52,Supplier_52,Germany
53,Supplier_53,China
54,Supplier_54,China
55,Supplier_55,India
56,Supplier_56,Germany
57,Supplier_57,USA
58,Supplier_58,USA
59,Supplier_59,Germany
60,Supplier_60,Germany
61,Supplier_61,China
62,Supplier_62,USA
63,Supplier_63,China
64,Supplier_64,Germany
65,Supplier_65,China
66,Supplier_66,USA
67,Supplier_67,India
68,Supplier_68,Germany
69,Supplier_69,UK
70,Supplier_70,Germany
71,Supplier_71,India
72,Supplier_72,Germany
73,Supplier_73,China
74,Supplier_74,China
75,Supplier_75,China
76,Supplier_76,Germany
77,Supplier_77,China
78,Supplier_78,China
79,Supplier_79,China
80,Supplier_80,China
81,Supplier_81,UK
82,Supplier_82,India
83,Supplier_83,UK
84,Supplier_84,India
85,Supplier_85,China
86,Supplier_86,China
87,Supplier_87,India
88,Supplier_88,USA
89,Supplier_89,UK
90,Supplier_90,India
91,Supplier_91,China
92,Supplier_92,UK
93,Supplier_93,Germany
94,Supplier_94,Germany
95,Supplier_95,UK
96,Supplier_96,USA
97,Supplier_97,USA
98,Supplier_98,China
99,Supplier_99,UK
100,Supplier_100,USA
101,Supplier_101,UK
102,Supplier_102,China
103,Supplier_103,India
104,Supplier_104,Germany
105,Supplier_105,UK
106,Supplier_106,India
107,Supplier_107,UK
108,Supplier_108,India
109,Supplier_109,UK
110,Supplier_110,USA
111,Supplier_111,China
112,Supplier_112,India
113,Supplier_113,India
114,Supplier_114,USA
115,Supplier_115,Germany
116,Supplier_116,India
117,Supplier_117,UK
118,Supplier_118,China
119,Supplier_119,Germany
120,Supplier_120,China
121,Supplier_121,India
122,Supplier_122,UK
123,Supplier_123,India
124,Supplier_124,USA
125,Supplier_125,India
126,Supplier_126,Germany
127,Supplier_127,USA
128,Supplier_128,UK
129,Supplier_129,USA
130,Supplier_130,USA
131,Supplier_131,China
132,Supplier_132,India
133,Supplier_133,USA
134,Supplier_134,UK
135,Supplier_135,USA
136,Supplier_136,India
137,Supplier_137,Germany
138,Supplier_138,USA
139,Supplier_139,USA
140,Supplier_140,USA
141,Supplier_141,China
142,Supplier_142,China
143,Supplier_143,USA
144,Supplier_144,India
145,Supplier_145,UK
146,Supplier_146,Germany
147,Supplier_147,China
148,Supplier_148,UK
149,Supplier_149,USA
150,Supplier_150,UK
151,Supplier_151,China
152,Supplier_152,USA
153,Supplier_153,India
154,Supplier_154,UK
155,Supplier_155,USA
156,Supplier_156,India
157,Supplier_157,UK
158,Supplier_158,Germany
159,Supplier_159,China
160,Supplier_160,Germany
161,Supplier_161,China
162,Supplier_162,Germany
163,Supplier_163,China
164,Supplier_164,China
165,Supplier_165,USA
166,Supplier_166,UK
167,Supplier_167,India
168,Supplier_168,India
169,Supplier_169,USA
170,Supplier_170,India
171,Supplier_171,India
172,Supplier_172,UK
173,Supplier_173,UK
174,Supplier_174,USA
175,Supplier_175,China
176,Supplier_176,India
177,Supplier_177,Germany
178,Supplier_178,India
179,Supplier_179,China
180,Supplier_180,Germany
181,Supplier_181,USA
182,Supplier_182,USA
183,Supplier_183,UK
184,Supplier_184,Germany
185,Supplier_185,USA
186,Supplier_186,USA
187,Supplier_187,USA
188,Supplier_188,China
189,Supplier_189,Germany
190,Supplier_190,UK
191,Supplier_191,China
192,Supplier_192,India
193,Supplier_193,Germany
194,Supplier_194,UK
195,Supplier_195,UK
196,Supplier_196,India
197,Supplier_197,USA
198,Supplier_198,China
199,Supplier_199,USA
200,Supplier_200,USA
201,Supplier_201,USA
202,Supplier_202,USA
203,Supplier_203,UK
204,Supplier_204,UK
205,Supplier_205,UK
206,Supplier_206,Germany
207,Supplier_207,UK
208,Supplier_208,USA
209,Supplier_209,UK
210,Supplier_210,China
211,Supplier_211,Germany
212,Supplier_212,Germany
213,Supplier_213,USA
214,Supplier_214,UK
215,Supplier_215,UK
216,Supplier_216,USA
217,Supplier_217,India
218,Supplier_218,Germany
219,Supplier_219,China
220,Supplier_220,UK
221,Supplier_221,Germany
222,Supplier_222,USA
223,Supplier_223,UK
224,Supplier_224,UK
225,Supplier_225,India
226,Supplier_226,USA
227,Supplier_227,UK
228,Supplier_228,China
229,Supplier_229,China
230,Supplier_230,USA
231,Supplier_231,UK
232,Supplier_232,India
233,Supplier_233,UK
234,Supplier_234,India
235,Supplier_235,India
236,Supplier_236,UK
237,Supplier_237,UK
238,Supplier_238,USA
239,Supplier_239,USA
240,Supplier_240,China
241,Supplier_241,India
242,Supplier_242,India
243,Supplier_243,China
244,Supplier_244,China
245,Supplier_245,Germany
246,Supplier_246,China
247,Supplier_247,USA
248,Supplier_248,USA
249,Supplier_249,India
250,Supplier_250,USA
251,Supplier_251,USA
252,Supplier_252,China
253,Supplier_253,USA
254,Supplier_254,USA
255,Supplier_255,UK
256,Supplier_256,India
257,Supplier_257,UK
258,Supplier_258,USA
259,Supplier_259,UK
260,Supplier_260,Germany
261,Supplier_261,USA
262,Supplier_262,USA
263,Supplier_263,India
264,Supplier_264,UK
265,Supplier_265,UK
266,Supplier_266,China
267,Supplier_267,Germany
268,Supplier_268,India
269,Supplier_269,USA
270,Supplier_270,USA
271,Supplier_271,UK
272,Supplier_272,UK
273,Supplier_273,India
274,Supplier_274,India
275,Supplier_275,India
276,Supplier_276,USA
277,Supplier_277,UK
278,Supplier_278,Germany
279,Supplier_279,India
280,Supplier_280,UK
281,Supplier_281,China
282,Supplier_282,India
283,Supplier_283,UK
284,Supplier_284,China
285,Supplier_285,India
286,Supplier_286,UK
287,Supplier_287,USA
288,Supplier_288,UK
289,Supplier_289,India
290,Supplier_290,Germany
291,Supplier_291,UK
292,Supplier_292,UK
293,Supplier_293,USA
294,Supplier_294,China
295,Supplier_295,China
296,Supplier_296,USA
297,Supplier_297,USA
298,Supplier_298,UK
299,Supplier_299,India
300,Supplier_300,Germany
301,Supplier_301,USA
302,Supplier_302,Germany
303,Supplier_303,China
304,Supplier_304,USA
305,Supplier_305,UK
306,Supplier_306,USA
307,Supplier_307,USA
308,Supplier_308,India
309,Supplier_309,UK
310,Supplier_310,India
311,Supplier_311,India
312,Supplier_312,USA
313,Supplier_313,Germany
314,Supplier_314,UK
315,Supplier_315,Germany
316,Supplier_316,USA
317,Supplier_317,UK
318,Supplier_318,India
319,Supplier_319,UK
320,Supplier_320,China
321,Supplier_321,USA
322,Supplier_322,UK
323,Supplier_323,UK
324,Supplier_324,China
325,Supplier_325,India
326,Supplier_326,China
327,Supplier_327,India
328,Supplier_328,India
329,Supplier_329,Germany
330,Supplier_330,India
331,Supplier_331,China
332,Supplier_332,India
333,Supplier_333,USA
334,Supplier_334,China
335,Supplier_335,USA
336,Supplier_336,Germany
337,Supplier_337,India
338,Supplier_338,Germany
339,Supplier_339,USA
340,Supplier_340,Germany
341,Supplier_341,Germany
342,Supplier_342,Germany
343,Supplier_343,UK
344,Supplier_344,UK
345,Supplier_345,UK
346,Supplier_346,Germany
347,Supplier_347,UK
348,Supplier_348,USA
349,Supplier_349,Germany
350,Supplier_350,China
351,Supplier_351,China
352,Supplier_352,India
353,Supplier_353,UK
354,Supplier_354,Germany
355,Supplier_355,USA
356,Supplier_356,USA
357,Supplier_357,Germany
358,Supplier_358,USA
359,Supplier_359,UK
360,Supplier_360,China
361,Supplier_361,UK
362,Supplier_362,China
363,Supplier_363,China
364,Supplier_364,China
365,Supplier_365,Germany
366,Supplier_366,India
367,Supplier_367,India
368,Supplier_368,India
369,Supplier_369,USA
370,Supplier_370,Germany
371,Supplier_371,UK
372,Supplier_372,UK
373,Supplier_373,UK
374,Supplier_374,India
375,Supplier_375,USA
376,Supplier_376,Germany
377,Supplier_377,India
378,Supplier_378,India
379,Supplier_379,China
380,Supplier_380,UK
381,Supplier_381,USA
382,Supplier_382,Germany
383,Supplier_383,USA
384,Supplier_384,China
385,Supplier_385,USA
386,Supplier_386,USA
387,Supplier_387,India
388,Supplier_388,China
389,Supplier_389,India
390,Supplier_390,Germany
391,Supplier_391,India
392,Supplier_392,Germany
393,Supplier_393,India
394,Supplier_394,Germany
395,Supplier_395,UK
396,Supplier_396,China
397,Supplier_397,Germany
398,Supplier_398,India
399,Supplier_399,USA
400,Supplier_400,USA
401,Supplier_401,UK
402,Supplier_402,USA
403,Supplier_403,USA
404,Supplier_404,China
405,Supplier_405,UK
406,Supplier_406,India
407,Supplier_407,USA
408,Supplier_408,Germany
409,Supplier_409,UK
410,Supplier_410,India
411,Supplier_411,Germany
412,Supplier_412,Germany
413,Supplier_413,UK
414,Supplier_414,UK
415,Supplier_415,China
416,Supplier_416,UK
417,Supplier_417,China
418,Supplier_418,Germany
419,Supplier_419,UK
420,Supplier_420,UK
421,Supplier_421,Germany
422,Supplier_422,India
423,Supplier_423,India
424,Supplier_424,UK
425,Supplier_425,India
426,Supplier_426,UK
427,Supplier_427,India
428,Supplier_428,Germany
429,Supplier_429,UK
430,Supplier_430,USA
431,Supplier_431,Germany
432,Supplier_432,India
433,Supplier_433,China
434,Supplier_434,India
435,Supplier_435,China
436,Supplier_436,India
437,Supplier_437,UK
438,Supplier_438,USA
439,Supplier_439,China
440,Supplier_440,India
441,Supplier_441,Germany
442,Supplier_442,USA
443,Supplier_443,China
444,Supplier_444,UK
445,Supplier_445,India
446,Supplier_446,China
447,Supplier_447,USA
448,Supplier_448,Germany
449,Supplier_449,China
450,Supplier_450,China
451,Supplier_451,USA
452,Supplier_452,UK
453,Supplier_453,USA
454,Supplier_454,China
455,Supplier_455,Germany
456,Supplier_456,India
457,Supplier_457,Germany
458,Supplier_458,Germany
459,Supplier_459,USA
460,Supplier_460,India
461,Supplier_461,Germany
462,Supplier_462,India
463,Supplier_463,China
464,Supplier_464,Germany
465,Supplier_465,India
466,Supplier_466,USA
467,Supplier_467,India
468,Supplier_468,China
469,Supplier_469,China
470,Supplier_470,China
471,Supplier_471,Germany
472,Supplier_472,India
473,Supplier_473,USA
474,Supplier_474,USA
475,Supplier_475,USA
476,Supplier_476,USA
477,Supplier_477,USA
478,Supplier_478,India
479,Supplier_479,India
480,Supplier_480,India
481,Supplier_481,UK
482,Supplier_482,Germany
483,Supplier_483,China
484,Supplier_484,USA
485,Supplier_485,USA
486,Supplier_486,China
487,Supplier_487,Germany
488,Supplier_488,USA
489,Supplier_489,UK
490,Supplier_490,UK
491,Supplier_491,UK
492,Supplier_492,UK
493,Supplier_493,Germany
494,Supplier_494,UK
495,Supplier_495,USA
496,Supplier_496,Germany
497,Supplier_497,China
498,Supplier_498,India
499,Supplier_499,China
500,Supplier_500,UK
501,Supplier_501,USA
502,Supplier_502,China
503,Supplier_503,UK
504,Supplier_504,UK
505,Supplier_505,USA
506,Supplier_506,UK
507,Supplier_507,UK
508,Supplier_508,UK
509,Supplier_509,UK
510,Supplier_510,Germany
511,Supplier_511,Germany
512,Supplier_512,China
513,Supplier_513,USA
514,Supplier_514,USA
515,Supplier_515,China
516,Supplier_516,Germany
517,Supplier_517,USA
518,Supplier_518,India
519,Supplier_519,India
520,Supplier_520,USA
521,Supplier_521,India
522,Supplier_522,India
523,Supplier_523,UK
524,Supplier_524,China
525,Supplier_525,UK
526,Supplier_526,China
527,Supplier_527,Germany
528,Supplier_528,USA
529,Supplier_529,USA
530,Supplier_530,UK
531,Supplier_531,India
532,Supplier_532,China
533,Supplier_533,USA
534,Supplier_534,India
535,Supplier_535,USA
536,Supplier_536,India
537,Supplier_537,Germany
538,Supplier_538,China
539,Supplier_539,USA
540,Supplier_540,Germany
541,Supplier_541,USA
542,Supplier_542,China
543,Supplier_543,Germany
544,Supplier_544,Germany
545,Supplier_545,India
546,Supplier_546,Germany
547,Supplier_547,Germany
548,Supplier_548,USA
549,Supplier_549,USA
550,Supplier_550,UK
551,Supplier_551,UK
552,Supplier_552,China
553,Supplier_553,Germany
554,Supplier_554,India
555,Supplier_555,India
556,Supplier_556,China
557,Supplier_557,India
558,Supplier_558,Germany
559,Supplier_559,USA
560,Supplier_560,China
561,Supplier_561,India
562,Supplier_562,China
563,Supplier_563,Germany
564,Supplier_564,USA
565,Supplier_565,India
566,Supplier_566,UK
567,Supplier_567,India
568,Supplier_568,UK
569,Supplier_569,India
570,Supplier_570,USA
571,Supplier_571,China
572,Supplier_572,India
573,Supplier_573,UK
574,Supplier_574,USA
575,Supplier_575,USA
576,Supplier_576,China
577,Supplier_577,USA
578,Supplier_578,USA
579,Supplier_579,India
580,Supplier_580,China
581,Supplier_581,Germany
582,Supplier_582,India
583,Supplier_583,China
584,Supplier_584,China
585,Supplier_585,India
586,Supplier_586,India
587,Supplier_587,China
588,Supplier_588,USA
589,Supplier_589,USA
590,Supplier_590,Germany
591,Supplier_591,India
592,Supplier_592,India
593,Supplier_593,China
594,Supplier_594,Germany
595,Supplier_595,India
596,Supplier_596,UK
597,Supplier_597,India
598,Supplier_598,USA
599,Supplier_599,Germany
600,Supplier_600,China
601,Supplier_601,UK
602,Supplier_602,India
603,Supplier_603,Germany
604,Supplier_604,China
605,Supplier_605,China
606,Supplier_606,India
607,Supplier_607,UK
608,Supplier_608,India
609,Supplier_609,UK
610,Supplier_610,India
611,Supplier_611,China
612,Supplier_612,Germany
613,Supplier_613,Germany
614,Supplier_614,USA
615,Supplier_615,China
616,Supplier_616,USA
617,Supplier_617,China
618,Supplier_618,India
619,Supplier_619,Germany
620,Supplier_620,India
621,Supplier_621,India
622,Supplier_622,USA
623,Supplier_623,China
624,Supplier_624,Germany
625,Supplier_625,Germany
626,Supplier_626,UK
627,Supplier_627,China
628,Supplier_628,China
629,Supplier_629,USA
630,Supplier_630,India
631,Supplier_631,India
632,Supplier_632,Germany
633,Supplier_633,India
634,Supplier_634,Germany
635,Supplier_635,Germany
636,Supplier_636,India
637,Supplier_637,UK
638,Supplier_638,Germany
639,Supplier_639,China
640,Supplier_640,UK
641,Supplier_641,China
642,Supplier_642,UK
643,Supplier_643,China
644,Supplier_644,UK
645,Supplier_645,UK
646,Supplier_646,China
647,Supplier_647,USA
648,Supplier_648,USA
649,Supplier_649,Germany
650,Supplier_650,India
651,Supplier_651,Germany
652,Supplier_652,USA
653,Supplier_653,USA
654,Supplier_654,UK
655,Supplier_655,China
656,Supplier_656,Germany
657,Supplier_657,China
658,Supplier_658,India
659,Supplier_659,USA
660,Supplier_660,USA
661,Supplier_661,UK
662,Supplier_662,India
663,Supplier_663,China
664,Supplier_664,China
665,Supplier_665,India
666,Supplier_666,Germany
667,Supplier_667,India
668,Supplier_668,UK
669,Supplier_669,India
670,Supplier_670,USA
671,Supplier_671,Germany
672,Supplier_672,USA
673,Supplier_673,India
674,Supplier_674,China
675,Supplier_675,India
676,Supplier_676,India
677,Supplier_677,Germany
678,Supplier_678,India
679,Supplier_679,Germany
680,Supplier_680,India
681,Supplier_681,Germany
682,Supplier_682,UK
683,Supplier_683,Germany
684,Supplier_684,USA
685,Supplier_685,USA
686,Supplier_686,UK
687,Supplier_687,China
688,Supplier_688,USA
689,Supplier_689,USA
690,Supplier_690,UK
691,Supplier_691,India
692,Supplier_692,Germany
693,Supplier_693,China
694,Supplier_694,USA
695,Supplier_695,China
696,Supplier_696,China
697,Supplier_697,UK
698,Supplier_698,China
699,Supplier_699,Germany
700,Supplier_700,UK
701,Supplier_701,China
702,Supplier_702,China
703,Supplier_703,India
704,Supplier_704,USA
705,Supplier_705,UK
706,Supplier_706,UK
707,Supplier_707,Germany
708,Supplier_708,USA
709,Supplier_709,China
710,Supplier_710,USA
711,Supplier_711,China
712,Supplier_712,Germany
713,Supplier_713,India
714,Supplier_714,India
715,Supplier_715,UK
716,Supplier_716,Germany
717,Supplier_717,India
718,Supplier_718,USA
719,Supplier_719,India
720,Supplier_720,USA
721,Supplier_721,Germany
722,Supplier_722,USA
723,Supplier_723,China
724,Supplier_724,Germany
725,Supplier_725,China
726,Supplier_726,India
727,Supplier_727,USA
728,Supplier_728,India
729,Supplier_729,Germany
730,Supplier_730,India
731,Supplier_731,UK
732,Supplier_732,India
733,Supplier_733,India
734,Supplier_734,Germany
735,Supplier_735,USA
736,Supplier_736,UK
737,Supplier_737,USA
738,Supplier_738,India
739,Supplier_739,USA
740,Supplier_740,Germany
741,Supplier_741,India
742,Supplier_742,Germany
743,Supplier_743,Germany
744,Supplier_744,USA
745,Supplier_745,USA
746,Supplier_746,USA
747,Supplier_747,China
748,Supplier_748,India
749,Supplier_749,UK
750,Supplier_750,Germany
751,Supplier_751,India
752,Supplier_752,Germany
753,Supplier_753,India
754,Supplier_754,China
755,Supplier_755,China
756,Supplier_756,India
757,Supplier_757,China
758,Supplier_758,China
759,Supplier_759,USA
760,Supplier_760,UK
761,Supplier_761,India
762,Supplier_762,Germany
763,Supplier_763,India
764,Supplier_764,India
765,Supplier_765,China
766,Supplier_766,USA
767,Supplier_767,China
768,Supplier_768,Germany
769,Supplier_769,UK
770,Supplier_770,China
771,Supplier_771,USA
772,Supplier_772,China
773,Supplier_773,USA
774,Supplier_774,Germany
775,Supplier_775,UK
776,Supplier_776,India
777,Supplier_777,India
778,Supplier_778,China
779,Supplier_779,Germany
780,Supplier_780,Germany
781,Supplier_781,Germany
782,Supplier_782,India
783,Supplier_783,China
784,Supplier_784,USA
785,Supplier_785,Germany
786,Supplier_786,China
787,Supplier_787,Germany
788,Supplier_788,Germany
789,Supplier_789,Germany
790,Supplier_790,Germany
791,Supplier_791,India
792,Supplier_792,China
793,Supplier_793,India
794,Supplier_794,India
795,Supplier_795,UK
796,Supplier_796,USA
797,Supplier_797,China
798,Supplier_798,UK
799,Supplier_799,UK
800,Supplier_800,India
801,Supplier_801,USA
802,Supplier_802,UK
803,Supplier_803,Germany
804,Supplier_804,Germany
805,Supplier_805,China
806,Supplier_806,India
807,Supplier_807,Germany
808,Supplier_808,UK
809,Supplier_809,India
810,Supplier_810,UK
811,Supplier_811,China
812,Supplier_812,UK
813,Supplier_813,USA
814,Supplier_814,USA
815,Supplier_815,UK
816,Supplier_816,UK
817,Supplier_817,India
818,Supplier_818,China
819,Supplier_819,China
820,Supplier_820,India
821,Supplier_821,Germany
822,Supplier_822,India
823,Supplier_823,India
824,Supplier_824,USA
825,Supplier_825,USA
826,Supplier_826,USA
827,Supplier_827,UK
828,Supplier_828,Germany
829,Supplier_829,UK
830,Supplier_830,USA
831,Supplier_831,USA
832,Supplier_832,India
833,Supplier_833,USA
834,Supplier_834,Germany
835,Supplier_835,India
836,Supplier_836,Germany
837,Supplier_837,Germany
838,Supplier_838,India
839,Supplier_839,China
840,Supplier_840,UK
841,Supplier_841,China
842,Supplier_842,Germany
843,Supplier_843,Germany
844,Supplier_844,India
845,Supplier_845,Germany
846,Supplier_846,China
847,Supplier_847,China
848,Supplier_848,India
849,Supplier_849,China
850,Supplier_850,Germany
851,Supplier_851,China
852,Supplier_852,Germany
853,Supplier_853,China
854,Supplier_854,USA
855,Supplier_855,Germany
856,Supplier_856,Germany
857,Supplier_857,USA
858,Supplier_858,China
859,Supplier_859,China
860,Supplier_860,Germany
861,Supplier_861,USA
862,Supplier_862,Germany
863,Supplier_863,UK
864,Supplier_864,Germany
865,Supplier_865,USA
866,Supplier_866,China
867,Supplier_867,China
868,Supplier_868,UK
869,Supplier_869,China
870,Supplier_870,Germany
871,Supplier_871,UK
872,Supplier_872,China
873,Supplier_873,USA
874,Supplier_874,Germany
875,Supplier_875,India
876,Supplier_876,Germany
877,Supplier_877,USA
878,Supplier_878,Germany
879,Supplier_879,China
880,Supplier_880,USA
881,Supplier_881,China
882,Supplier_882,UK
883,Supplier_883,USA
884,Supplier_884,China
885,Supplier_885,China
886,Supplier_886,USA
887,Supplier_887,USA
888,Supplier_888,China
889,Supplier_889,Germany
890,Supplier_890,Germany
891,Supplier_891,USA
892,Supplier_892,UK
893,Supplier_893,USA
894,Supplier_894,UK
895,Supplier_895,Germany
896,Supplier_896,China
897,Supplier_897,China
898,Supplier_898,UK
899,Supplier_899,USA
900,Supplier_900,China
901,Supplier_901,Germany
902,Supplier_902,China
903,Supplier_903,Germany
904,Supplier_904,Germany
905,Supplier_905,Germany
906,Supplier_906,China
907,Supplier_907,India
908,Supplier_908,USA
909,Supplier_909,China
910,Supplier_910,Germany
911,Supplier_911,USA
912,Supplier_912,Germany
913,Supplier_913,China
914,Supplier_914,China
915,Supplier_915,UK
916,Supplier_916,Germany
917,Supplier_917,UK
918,Supplier_918,China
919,Supplier_919,China
920,Supplier_920,India
921,Supplier_921,Germany
922,Supplier_922,India
923,Supplier_923,China
924,Supplier_924,India
925,Supplier_925,India
926,Supplier_926,UK
927,Supplier_927,UK
928,Supplier_928,UK
929,Supplier_929,USA
930,Supplier_930,Germany
931,Supplier_931,China
932,Supplier_932,USA
933,Supplier_933,India
934,Supplier_934,USA
935,Supplier_935,India
936,Supplier_936,India
937,Supplier_937,Germany
938,Supplier_938,China
939,Supplier_939,UK
940,Supplier_940,China
941,Supplier_941,UK
942,Supplier_942,USA
943,Supplier_943,China
944,Supplier_944,India
945,Supplier_945,India
946,Supplier_946,Germany
947,Supplier_947,UK
948,Supplier_948,Germany
949,Supplier_949,Germany
950,Supplier_950,UK
951,Supplier_951,UK
952,Supplier_952,UK
953,Supplier_953,UK
954,Supplier_954,India
955,Supplier_955,UK
956,Supplier_956,China
957,Supplier_957,Germany
958,Supplier_958,Germany
959,Supplier_959,USA
960,Supplier_960,India
961,Supplier_961,USA
962,Supplier_962,India
963,Supplier_963,UK
964,Supplier_964,China
965,Supplier_965,China
966,Supplier_966,Germany
967,Supplier_967,UK
968,Supplier_968,UK
969,Supplier_969,China
970,Supplier_970,China
971,Supplier_971,China
972,Supplier_972,Germany
973,Supplier_973,Germany
974,Supplier_974,UK
975,Supplier_975,UK
976,Supplier_976,China
977,Supplier_977,USA
978,Supplier_978,China
979,Supplier_979,China
980,Supplier_980,India
981,Supplier_981,China
982,Supplier_982,UK
983,Supplier_983,India
984,Supplier_984,Germany
985,Supplier_985,USA
986,Supplier_986,USA
987,Supplier_987,China
988,Supplier_988,UK
989,Supplier_989,China
990,Supplier_990,Germany
991,Supplier_991,Germany
992,Supplier_992,Germany
993,Supplier_993,India
994,Supplier_994,UK
995,Supplier_995,China
996,Supplier_996,UK
997,Supplier_997,USA
998,Supplier_998,India
999,Supplier_999,USA
1000,Supplier_1000,USA
