OrderID,CustomerID,OrderType,TotalAmount
50001,732,Wholesale,3973.96
50002,293,Wholesale,5545.63
50003,808,Wholesale,7868.26
50004,791,Wholesale,2940.4
50005,2087,Wholesale,4549.07
50006,2504,Wholesale,9507.48
50007,1166,Wholesale,857.21
50008,1365,Wholesale,4974.19
50009,161,Wholesale,2834.35
50010,2796,Wholesale,4445.64
50011,2024,Wholesale,5914.27
50012,1710,Wholesale,9459.74
50013,1032,Wholesale,1302.65
50014,924,Wholesale,1379.73
50015,1112,Wholesale,2486.96
50016,2253,Wholesale,9856.26
50017,2977,Wholesale,1061.96
50018,2429,Wholesale,6914.14
50019,2121,Wholesale,2192.94
50020,2818,Wholesale,9331.52
50021,2540,Wholesale,518.21
50022,424,Wholesale,3551.41
50023,2831,Wholesale,5519.79
50024,332,Wholesale,6275.03
50025,1292,Wholesale,6410.35
50026,2492,Wholesale,6082.59
50027,924,Wholesale,3818.8
50028,2874,Wholesale,4335.27
50029,2557,Wholesale,6651.56
50030,719,Wholesale,8013.99
50031,2608,Wholesale,7082.66
50032,950,Wholesale,2408.26
50033,626,Wholesale,1726.2
50034,2493,Wholesale,8242.7
50035,1626,Wholesale,1208.36
50036,1617,Wholesale,8108.68
50037,361,Wholesale,8819.18
50038,2924,Wholesale,9098.44
50039,113,Wholesale,1813.1
50040,2177,Wholesale,5111.38
50041,2709,Wholesale,1942.85
50042,1368,Wholesale,6767.44
50043,1237,Wholesale,4804.04
50044,1433,Wholesale,9478.85
50045,1010,Wholesale,8514.86
50046,975,Wholesale,8024.39
50047,1177,Wholesale,7651.2
50048,2399,Wholesale,2912.46
50049,64,Wholesale,719.74
50050,2332,Wholesale,6221.27
50051,2898,Wholesale,6558.58
50052,1104,Wholesale,3499.35
50053,1363,Wholesale,2678.5
50054,1721,Wholesale,7301.92
50055,2610,Wholesale,9228.38
50056,410,Wholesale,1802.63
50057,1550,Wholesale,7219.54
50058,407,Wholesale,692.59
50059,416,Wholesale,8452.34
50060,2826,Wholesale,5339.42
50061,2840,Wholesale,7906.25
50062,1631,Wholesale,3148.27
50063,1919,Wholesale,3749.17
50064,1200,Wholesale,2770.86
50065,2740,Wholesale,3027.01
50066,2291,Wholesale,7697.14
50067,673,Wholesale,7108.89
50068,711,Wholesale,3658.27
50069,1878,Wholesale,3472.45
50070,881,Wholesale,7527.22
50071,500,Wholesale,7902.24
50072,643,Wholesale,3881.49
50073,1797,Wholesale,2907.82
50074,2139,Wholesale,9841.34
50075,1806,Wholesale,5460.98
50076,2066,Wholesale,5852.71
50077,1925,Wholesale,7066.93
50078,2423,Wholesale,3967.31
50079,1267,Wholesale,7048.73
50080,2556,Wholesale,8634.61
50081,1453,Wholesale,8765.02
50082,2493,Wholesale,7951.11
50083,156,Wholesale,515.94
50084,450,Wholesale,8329.36
50085,107,Wholesale,7293.65
50086,1388,Wholesale,8761.2
50087,662,Wholesale,5417.86
50088,1516,Wholesale,5101.8
50089,2570,Wholesale,4679.94
50090,864,Wholesale,8365.18
50091,2950,Wholesale,2768.93
50092,2894,Wholesale,9201.24
50093,1193,Wholesale,9917.8
50094,1068,Wholesale,592.25
50095,1845,Wholesale,5583.75
50096,2020,Wholesale,1249.94
50097,268,Wholesale,9770.88
50098,2237,Wholesale,8393.71
50099,1124,Wholesale,7706.52
50100,2476,Wholesale,6136.53
50101,647,Wholesale,2314.8
50102,1099,Wholesale,9838.59
50103,2272,Wholesale,1748.63
50104,1670,Wholesale,9445.16
50105,7,Wholesale,1186.64
50106,436,Wholesale,7187.14
50107,1785,Wholesale,1057.66
50108,2176,Wholesale,9175.19
50109,971,Wholesale,2193.03
50110,1261,Wholesale,1474.04
50111,1399,Wholesale,7881.06
50112,1681,Wholesale,521.7
50113,1058,Wholesale,2205.9
50114,1785,Wholesale,5750.86
50115,725,Wholesale,2505.42
50116,2485,Wholesale,9752.52
50117,1591,Wholesale,5635.36
50118,1942,Wholesale,6948.53
50119,1227,Wholesale,2113.73
50120,18,Wholesale,8145.01
50121,1258,Wholesale,5756.73
50122,2656,Wholesale,7248.08
50123,2523,Wholesale,9870.86
50124,683,Wholesale,6909.88
50125,2806,Wholesale,8931.24
50126,71,Wholesale,3921.04
50127,1735,Wholesale,9380.78
50128,1759,Wholesale,3878.53
50129,2480,Wholesale,9949.14
50130,122,Wholesale,4638.42
50131,2733,Wholesale,7136.53
50132,1119,Wholesale,1175.42
50133,2100,Wholesale,8727.53
50134,2660,Wholesale,4506.22
50135,2627,Wholesale,2691.53
50136,1922,Wholesale,4377.68
50137,292,Wholesale,4301.52
50138,498,Wholesale,7989.26
50139,2616,Wholesale,4262.13
50140,1581,Wholesale,8869.12
50141,1295,Wholesale,3636.15
50142,222,Wholesale,5564.16
50143,1775,Wholesale,4314.34
50144,1086,Wholesale,6690.38
50145,115,Wholesale,9494.82
50146,2812,Wholesale,9762.57
50147,282,Wholesale,3230.89
50148,2822,Wholesale,4467.53
50149,726,Wholesale,9129.42
50150,2362,Wholesale,3942.51
50151,2796,Wholesale,547.94
50152,54,Wholesale,2171.08
50153,16,Wholesale,6336.65
50154,819,Wholesale,5431.41
50155,2648,Wholesale,9907.09
50156,2240,Wholesale,5070.17
50157,2027,Wholesale,2400.62
50158,457,Wholesale,1697.24
50159,1314,Wholesale,9981.06
50160,264,Wholesale,4393.85
50161,574,Wholesale,9177.29
50162,1456,Wholesale,6242.85
50163,648,Wholesale,8814.37
50164,1487,Wholesale,7416.22
50165,242,Wholesale,6076.58
50166,2918,Wholesale,1831.12
50167,2925,Wholesale,6734.25
50168,2071,Wholesale,4905.85
50169,215,Wholesale,7964.65
50170,1510,Wholesale,985.66
50171,962,Wholesale,9558.83
50172,1281,Wholesale,7068.88
50173,861,Wholesale,5883.88
50174,2645,Wholesale,4001.92
50175,1504,Wholesale,2765.81
50176,2331,Wholesale,8821.62
50177,847,Wholesale,1414.06
50178,1834,Wholesale,7624.25
50179,1882,Wholesale,790.05
50180,2997,Wholesale,7410.35
50181,156,Wholesale,6236.67
50182,315,Wholesale,624.2
50183,1725,Wholesale,6800.29
50184,2715,Wholesale,6774.51
50185,2437,Wholesale,1080.71
50186,1754,Wholesale,5286.36
50187,1887,Wholesale,1522.43
50188,968,Wholesale,7675.81
50189,686,Wholesale,7527.35
50190,2512,Wholesale,5472.69
50191,1378,Wholesale,6215.01
50192,1269,Wholesale,9731.9
50193,1911,Wholesale,2013.19
50194,389,Wholesale,5126.64
50195,137,Wholesale,3529.13
50196,1791,Wholesale,4893.69
50197,2339,Wholesale,9833.86
50198,1496,Wholesale,3595.07
50199,2067,Wholesale,1735.21
50200,1295,Wholesale,8708.33
50201,1828,Wholesale,849.56
50202,1690,Wholesale,2522.89
50203,1111,Wholesale,6655.36
50204,686,Wholesale,2460.35
50205,806,Wholesale,2902.03
50206,1623,Wholesale,9432.59
50207,132,Wholesale,7988.72
50208,2357,Wholesale,7602.97
50209,2436,Wholesale,3312.64
50210,1379,Wholesale,595.52
50211,2381,Wholesale,5555.94
50212,1352,Wholesale,3211.36
50213,2434,Wholesale,1308.49
50214,2536,Wholesale,4635.95
50215,2353,Wholesale,4646.42
50216,546,Wholesale,7170.21
50217,2055,Wholesale,9257.8
50218,1740,Wholesale,5676.53
50219,2856,Wholesale,8896.27
50220,2614,Wholesale,4910.15
50221,1555,Wholesale,5549.48
50222,1384,Wholesale,4876.06
50223,446,Wholesale,1392.41
50224,1726,Wholesale,4360.24
50225,2343,Wholesale,4570.64
50226,1061,Wholesale,7387.41
50227,2540,Wholesale,5138.98
50228,78,Wholesale,2695.52
50229,2637,Wholesale,2686.49
50230,349,Wholesale,7205.91
50231,2731,Wholesale,6089.52
50232,2180,Wholesale,6090.98
50233,1161,Wholesale,5004.35
50234,2999,Wholesale,4159.51
50235,2677,Wholesale,2592.2
50236,2259,Wholesale,3107.92
50237,1963,Wholesale,7084.82
50238,1056,Wholesale,7014.93
50239,1507,Wholesale,9175.25
50240,675,Wholesale,2696.52
50241,1706,Wholesale,9235.43
50242,1976,Wholesale,7594.2
50243,2168,Wholesale,1490.81
50244,2842,Wholesale,2311.31
50245,785,Wholesale,2507.3
50246,1399,Wholesale,2467.72
50247,3000,Wholesale,3444.37
50248,1571,Wholesale,6391.3
50249,2646,Wholesale,3340.34
50250,2628,Wholesale,8791.57
50251,2153,Wholesale,9969.96
50252,2026,Wholesale,7550.17
50253,1496,Wholesale,5123.9
50254,809,Wholesale,3634.12
50255,1535,Wholesale,6533.08
50256,1877,Wholesale,6333.06
50257,1398,Wholesale,2232.12
50258,1932,Wholesale,5732.53
50259,1787,Wholesale,9646.25
50260,769,Wholesale,4806.34
50261,1384,Wholesale,9157.01
50262,634,Wholesale,7437.46
50263,2720,Wholesale,2429.01
50264,722,Wholesale,9163.17
50265,2652,Wholesale,1795.37
50266,2531,Wholesale,5974.22
50267,106,Wholesale,4485.22
50268,2907,Wholesale,8416.01
50269,1929,Wholesale,9377.16
50270,1150,Wholesale,7686.56
50271,367,Wholesale,6614.33
50272,1899,Wholesale,3399.28
50273,708,Wholesale,8676.14
50274,779,Wholesale,5803.43
50275,1976,Wholesale,4190.7
50276,185,Wholesale,2951.57
50277,2891,Wholesale,8235.71
50278,1236,Wholesale,2025.38
50279,161,Wholesale,604.56
50280,1928,Wholesale,6786.31
50281,1841,Wholesale,1510.55
50282,503,Wholesale,4376.06
50283,2927,Wholesale,4335.52
50284,1356,Wholesale,3381.35
50285,2980,Wholesale,8173.63
50286,2591,Wholesale,1112.08
50287,2735,Wholesale,9201.63
50288,2317,Wholesale,7829.94
50289,308,Wholesale,6144.08
50290,2996,Wholesale,3935.19
50291,1009,Wholesale,9814.48
50292,955,Wholesale,4501.72
50293,1299,Wholesale,5314.2
50294,2859,Wholesale,1501.5
50295,745,Wholesale,969.62
50296,686,Wholesale,7823.15
50297,294,Wholesale,669.26
50298,1776,Wholesale,4715.78
50299,944,Wholesale,9652.51
50300,2819,Wholesale,2711.25
50301,2246,Wholesale,8217.06
50302,1807,Wholesale,3569.15
50303,2807,Wholesale,1510.25
50304,2226,Wholesale,4729.5
50305,426,Wholesale,8801.92
50306,1152,Wholesale,9365.15
50307,1689,Wholesale,1581.63
50308,1334,Wholesale,1201.31
50309,1942,Wholesale,4463.67
50310,660,Wholesale,2920.22
50311,1471,Wholesale,8861.75
50312,2110,Wholesale,758.69
50313,2079,Wholesale,9197.68
50314,1785,Wholesale,6940.0
50315,1026,Wholesale,2093.78
50316,188,Wholesale,1090.6
50317,590,Wholesale,6926.23
50318,2796,Wholesale,727.76
50319,1997,Wholesale,2823.56
50320,2700,Wholesale,6596.53
50321,641,Wholesale,8171.17
50322,2815,Wholesale,2759.25
50323,2930,Wholesale,7932.07
50324,42,Wholesale,9110.6
50325,2950,Wholesale,3170.35
50326,474,Wholesale,5050.38
50327,1644,Wholesale,5781.49
50328,1461,Wholesale,824.17
50329,2432,Wholesale,7023.29
50330,1516,Wholesale,8985.47
50331,1758,Wholesale,3388.1
50332,653,Wholesale,3445.89
50333,2096,Wholesale,7986.86
50334,615,Wholesale,9840.3
50335,249,Wholesale,5393.24
50336,2849,Wholesale,4006.14
50337,707,Wholesale,886.45
50338,1338,Wholesale,669.91
50339,150,Wholesale,5026.99
50340,2809,Wholesale,721.78
50341,2977,Wholesale,2679.9
50342,2992,Wholesale,1714.32
50343,1070,Wholesale,4417.12
50344,2568,Wholesale,8648.77
50345,2074,Wholesale,6244.04
50346,916,Wholesale,2896.14
50347,2363,Wholesale,8086.71
50348,495,Wholesale,6017.34
50349,935,Wholesale,8681.56
50350,308,Wholesale,9612.96
50351,938,Wholesale,7485.74
50352,257,Wholesale,6407.97
50353,890,Wholesale,8743.96
50354,2976,Wholesale,5596.76
50355,1526,Wholesale,3571.99
50356,1209,Wholesale,8705.09
50357,911,Wholesale,5279.97
50358,96,Wholesale,4211.27
50359,1222,Wholesale,6214.59
50360,1299,Wholesale,4614.85
50361,1287,Wholesale,8044.72
50362,1322,Wholesale,2126.11
50363,2365,Wholesale,8561.79
50364,1612,Wholesale,3696.46
50365,1613,Wholesale,5032.27
50366,954,Wholesale,1567.34
50367,314,Wholesale,8876.54
50368,385,Wholesale,2070.08
50369,2392,Wholesale,8804.85
50370,2276,Wholesale,2641.22
50371,678,Wholesale,8240.51
50372,1736,Wholesale,2055.33
50373,1990,Wholesale,6476.36
50374,14,Wholesale,1434.47
50375,274,Wholesale,4568.56
50376,1734,Wholesale,3226.68
50377,1794,Wholesale,8835.69
50378,1443,Wholesale,7389.2
50379,98,Wholesale,943.05
50380,365,Wholesale,8257.08
50381,941,Wholesale,665.29
50382,1640,Wholesale,6026.63
50383,2720,Wholesale,952.29
50384,2593,Wholesale,6429.61
50385,1702,Wholesale,4648.66
50386,2070,Wholesale,7072.8
50387,984,Wholesale,1802.4
50388,43,Wholesale,2249.54
50389,622,Wholesale,6682.75
50390,1012,Wholesale,611.33
50391,2613,Wholesale,7625.81
50392,2756,Wholesale,8570.13
50393,1703,Wholesale,3044.54
50394,2734,Wholesale,2102.65
50395,1389,Wholesale,2022.39
50396,190,Wholesale,4224.44
50397,896,Wholesale,9459.15
50398,1612,Wholesale,8024.59
50399,731,Wholesale,6490.27
50400,1455,Wholesale,878.51
50401,677,Wholesale,9134.14
50402,662,Wholesale,591.47
50403,2580,Wholesale,6904.49
50404,1464,Wholesale,4389.08
50405,758,Wholesale,2773.35
50406,2349,Wholesale,9261.79
50407,2163,Wholesale,5740.3
50408,280,Wholesale,608.9
50409,2078,Wholesale,1666.29
50410,374,Wholesale,6606.58
50411,2652,Wholesale,5049.2
50412,2729,Wholesale,5360.15
50413,1136,Wholesale,6858.6
50414,2607,Wholesale,3316.62
50415,870,Wholesale,2096.1
50416,2211,Wholesale,8543.1
50417,780,Wholesale,7890.41
50418,1187,Wholesale,5955.25
50419,1794,Wholesale,7477.28
50420,466,Wholesale,4965.52
50421,974,Wholesale,2903.92
50422,776,Wholesale,7543.91
50423,1504,Wholesale,7883.49
50424,2595,Wholesale,3901.18
50425,1251,Wholesale,3675.26
50426,1860,Wholesale,5300.44
50427,641,Wholesale,7737.58
50428,2439,Wholesale,1051.2
50429,2439,Wholesale,3345.87
50430,2682,Wholesale,629.29
50431,2434,Wholesale,2954.03
50432,1238,Wholesale,9653.05
50433,333,Wholesale,6148.57
50434,2674,Wholesale,6664.47
50435,424,Wholesale,6513.45
50436,2042,Wholesale,5056.44
50437,1308,Wholesale,4709.06
50438,2459,Wholesale,9300.66
50439,184,Wholesale,9198.14
50440,386,Wholesale,6583.59
50441,456,Wholesale,7906.94
50442,1461,Wholesale,1648.95
50443,2979,Wholesale,1413.25
50444,794,Wholesale,6000.54
50445,2790,Wholesale,5400.7
50446,975,Wholesale,8435.74
50447,1871,Wholesale,4088.45
50448,756,Wholesale,911.75
50449,1423,Wholesale,4812.17
50450,2309,Wholesale,3004.61
50451,1354,Wholesale,3444.99
50452,1816,Wholesale,6834.51
50453,1726,Wholesale,6271.95
50454,495,Wholesale,3676.49
50455,142,Wholesale,2512.07
50456,1254,Wholesale,9524.9
50457,523,Wholesale,3792.0
50458,797,Wholesale,2256.64
50459,2661,Wholesale,4076.98
50460,2044,Wholesale,2446.54
50461,2039,Wholesale,504.79
50462,334,Wholesale,1460.51
50463,260,Wholesale,5221.79
50464,1988,Wholesale,5279.45
50465,195,Wholesale,8941.97
50466,2719,Wholesale,6877.24
50467,489,Wholesale,4095.56
50468,1207,Wholesale,5959.24
50469,242,Wholesale,7043.54
50470,973,Wholesale,6008.19
50471,2907,Wholesale,7148.45
50472,468,Wholesale,5400.15
50473,2106,Wholesale,4918.65
50474,2898,Wholesale,3278.57
50475,1975,Wholesale,3224.98
50476,985,Wholesale,6857.55
50477,2516,Wholesale,3261.16
50478,2455,Wholesale,8854.72
50479,954,Wholesale,3445.36
50480,2235,Wholesale,2527.36
50481,998,Wholesale,596.6
50482,2813,Wholesale,8570.03
50483,2202,Wholesale,6021.88
50484,613,Wholesale,3918.72
50485,819,Wholesale,4676.21
50486,2897,Wholesale,7197.53
50487,54,Wholesale,2613.97
50488,1765,Wholesale,9609.87
50489,51,Wholesale,5348.86
50490,678,Wholesale,8962.68
50491,45,Wholesale,8744.85
50492,2229,Wholesale,2327.0
50493,1687,Wholesale,9119.66
50494,556,Wholesale,1111.19
50495,428,Wholesale,5681.07
50496,1896,Wholesale,7562.28
50497,2499,Wholesale,3019.57
50498,2604,Wholesale,2003.37
50499,1895,Wholesale,733.56
50500,880,Wholesale,7390.59
50501,562,Wholesale,1262.16
50502,2606,Wholesale,5654.98
50503,139,Wholesale,3320.72
50504,253,Wholesale,8401.59
50505,1565,Wholesale,8712.03
50506,2075,Wholesale,8475.04
50507,2199,Wholesale,6246.37
50508,3,Wholesale,3146.36
50509,233,Wholesale,5129.7
50510,214,Wholesale,8138.26
50511,1948,Wholesale,8638.96
50512,272,Wholesale,4333.9
50513,2692,Wholesale,6905.27
50514,2053,Wholesale,9529.66
50515,2786,Wholesale,2992.22
50516,2203,Wholesale,4387.96
50517,2342,Wholesale,9609.61
50518,1785,Wholesale,584.09
50519,1529,Wholesale,1684.91
50520,211,Wholesale,5553.28
50521,2159,Wholesale,7932.98
50522,915,Wholesale,8319.15
50523,1010,Wholesale,1259.82
50524,2648,Wholesale,3335.8
50525,2882,Wholesale,756.83
50526,543,Wholesale,2048.23
50527,2714,Wholesale,2584.08
50528,1676,Wholesale,4458.51
50529,2002,Wholesale,4490.3
50530,2123,Wholesale,7999.75
50531,1854,Wholesale,1082.89
50532,2934,Wholesale,3062.49
50533,2515,Wholesale,7736.11
50534,1219,Wholesale,9325.3
50535,1992,Wholesale,4656.78
50536,1521,Wholesale,3406.57
50537,1033,Wholesale,5823.52
50538,1975,Wholesale,7003.88
50539,1339,Wholesale,2005.83
50540,2751,Wholesale,4847.18
50541,2068,Wholesale,2645.95
50542,2586,Wholesale,1598.47
50543,2607,Wholesale,940.98
50544,861,Wholesale,9536.94
50545,490,Wholesale,2083.85
50546,1043,Wholesale,4456.01
50547,2949,Wholesale,9896.32
50548,71,Wholesale,5810.56
50549,1508,Wholesale,9482.07
50550,1825,Wholesale,1638.93
50551,1647,Wholesale,4101.21
50552,1164,Wholesale,4701.55
50553,2354,Wholesale,1415.68
50554,472,Wholesale,3573.77
50555,181,Wholesale,1456.2
50556,635,Wholesale,7625.07
50557,2369,Wholesale,1507.3
50558,2453,Wholesale,4641.69
50559,599,Wholesale,2314.45
50560,2558,Wholesale,9927.86
50561,100,Wholesale,7369.34
50562,1850,Wholesale,5946.34
50563,84,Wholesale,2311.15
50564,2106,Wholesale,5936.79
50565,1911,Wholesale,6884.95
50566,40,Wholesale,9267.99
50567,1120,Wholesale,2289.49
50568,2053,Wholesale,9424.77
50569,777,Wholesale,7181.98
50570,927,Wholesale,7905.55
50571,1978,Wholesale,1310.39
50572,2294,Wholesale,7078.72
50573,1660,Wholesale,1637.75
50574,460,Wholesale,4576.88
50575,2241,Wholesale,4395.76
50576,2199,Wholesale,8444.29
50577,967,Wholesale,918.43
50578,2820,Wholesale,7654.03
50579,1683,Wholesale,670.54
50580,950,Wholesale,3899.31
50581,703,Wholesale,8876.6
50582,2420,Wholesale,4084.05
50583,2734,Wholesale,9389.76
50584,512,Wholesale,7941.47
50585,736,Wholesale,9266.24
50586,1774,Wholesale,7111.23
50587,433,Wholesale,3389.86
50588,2486,Wholesale,5683.7
50589,799,Wholesale,648.87
50590,2240,Wholesale,5015.35
50591,2298,Wholesale,3237.1
50592,1667,Wholesale,3166.17
50593,345,Wholesale,9061.7
50594,290,Wholesale,2179.46
50595,1026,Wholesale,9374.74
50596,2753,Wholesale,932.0
50597,853,Wholesale,7241.19
50598,622,Wholesale,7765.57
50599,160,Wholesale,3193.05
50600,1997,Wholesale,6983.13
50601,630,Wholesale,8162.79
50602,2543,Wholesale,6771.3
50603,2779,Wholesale,7582.68
50604,2616,Wholesale,2464.47
50605,2026,Wholesale,1146.92
50606,1077,Wholesale,8407.29
50607,2279,Wholesale,6874.81
50608,463,Wholesale,7358.24
50609,290,Wholesale,2158.3
50610,1599,Wholesale,2478.11
50611,1952,Wholesale,9843.64
50612,1076,Wholesale,7497.29
50613,1950,Wholesale,5557.88
50614,884,Wholesale,6445.37
50615,743,Wholesale,3645.73
50616,2523,Wholesale,7122.46
50617,469,Wholesale,3256.1
50618,492,Wholesale,755.13
50619,1631,Wholesale,3266.85
50620,2082,Wholesale,8238.04
50621,2562,Wholesale,9130.48
50622,2380,Wholesale,5804.27
50623,1133,Wholesale,4088.59
50624,2893,Wholesale,7185.19
50625,1088,Wholesale,7362.38
50626,120,Wholesale,3782.03
50627,1208,Wholesale,9738.57
50628,278,Wholesale,7558.03
50629,201,Wholesale,7783.03
50630,141,Wholesale,8102.65
50631,605,Wholesale,4299.71
50632,2025,Wholesale,5871.94
50633,1511,Wholesale,7931.43
50634,713,Wholesale,5465.44
50635,396,Wholesale,2204.24
50636,662,Wholesale,9157.01
50637,1956,Wholesale,8811.35
50638,1260,Wholesale,6244.08
50639,1888,Wholesale,3777.79
50640,645,Wholesale,724.16
50641,673,Wholesale,9343.88
50642,1300,Wholesale,4636.62
50643,1112,Wholesale,8862.29
50644,486,Wholesale,3259.42
50645,765,Wholesale,7030.99
50646,1405,Wholesale,9295.41
50647,2512,Wholesale,6917.81
50648,2755,Wholesale,1349.83
50649,1247,Wholesale,4903.2
50650,2757,Wholesale,2051.33
50651,2331,Wholesale,7944.59
50652,1555,Wholesale,7615.1
50653,2011,Wholesale,6106.95
50654,872,Wholesale,5949.38
50655,108,Wholesale,5112.36
50656,1677,Wholesale,7942.12
50657,2275,Wholesale,4583.1
50658,383,Wholesale,8699.02
50659,2876,Wholesale,7456.3
50660,1675,Wholesale,8557.78
50661,2686,Wholesale,9570.05
50662,1928,Wholesale,8348.04
50663,1391,Wholesale,4398.81
50664,2209,Wholesale,7506.28
50665,2272,Wholesale,4263.37
50666,2668,Wholesale,3361.82
50667,1679,Wholesale,8708.12
50668,1654,Wholesale,7602.68
50669,390,Wholesale,8405.42
50670,2943,Wholesale,1538.15
50671,265,Wholesale,1615.16
50672,1211,Wholesale,6054.68
50673,1381,Wholesale,2230.38
50674,342,Wholesale,6375.22
50675,2630,Wholesale,4100.36
50676,77,Wholesale,5554.07
50677,2173,Wholesale,5679.1
50678,2988,Wholesale,6829.37
50679,1704,Wholesale,5262.73
50680,2914,Wholesale,804.72
50681,499,Wholesale,843.54
50682,2510,Wholesale,6990.04
50683,1261,Wholesale,4075.66
50684,1310,Wholesale,2411.49
50685,1983,Wholesale,2674.47
50686,16,Wholesale,2408.62
50687,670,Wholesale,7189.34
50688,422,Wholesale,5833.07
50689,211,Wholesale,1451.2
50690,2686,Wholesale,1325.22
50691,402,Wholesale,2219.01
50692,919,Wholesale,3770.5
50693,1013,Wholesale,9728.39
50694,1855,Wholesale,7530.96
50695,697,Wholesale,4826.41
50696,2033,Wholesale,7547.54
50697,2395,Wholesale,7230.55
50698,336,Wholesale,9363.75
50699,632,Wholesale,2930.82
50700,1828,Wholesale,7843.83
50701,2865,Wholesale,2466.59
50702,2889,Wholesale,3571.87
50703,2444,Wholesale,2800.72
50704,309,Wholesale,4816.76
50705,1139,Wholesale,3290.79
50706,679,Wholesale,9532.51
50707,2905,Wholesale,8732.84
50708,966,Wholesale,7227.68
50709,1038,Wholesale,3301.13
50710,634,Wholesale,6339.35
50711,1685,Wholesale,4300.33
50712,189,Wholesale,2919.74
50713,1326,Wholesale,6654.11
50714,1864,Wholesale,3283.23
50715,2150,Wholesale,3725.35
50716,883,Wholesale,1526.88
50717,240,Wholesale,6144.08
50718,2989,Wholesale,2404.71
50719,346,Wholesale,7009.67
50720,791,Wholesale,9302.16
50721,2711,Wholesale,6931.17
50722,173,Wholesale,6076.53
50723,1397,Wholesale,6424.34
50724,2930,Wholesale,9474.66
50725,1178,Wholesale,8901.53
50726,1647,Wholesale,2640.0
50727,175,Wholesale,1729.41
50728,843,Wholesale,9896.47
50729,1849,Wholesale,4432.68
50730,484,Wholesale,947.32
50731,1562,Wholesale,1374.74
50732,435,Wholesale,7498.27
50733,602,Wholesale,6875.98
50734,867,Wholesale,2347.73
50735,2173,Wholesale,2963.28
50736,741,Wholesale,5534.36
50737,2450,Wholesale,1662.24
50738,2853,Wholesale,3504.88
50739,1508,Wholesale,9677.31
50740,2617,Wholesale,5694.61
50741,2219,Wholesale,1943.95
50742,1147,Wholesale,9856.74
50743,792,Wholesale,5774.54
50744,1343,Wholesale,9093.72
50745,774,Wholesale,1085.08
50746,635,Wholesale,4441.58
50747,1562,Wholesale,5685.42
50748,1355,Wholesale,6544.93
50749,421,Wholesale,1483.93
50750,2151,Wholesale,5275.46
50751,1407,Wholesale,6270.88
50752,1108,Wholesale,2341.26
50753,1242,Wholesale,3106.56
50754,691,Wholesale,518.82
50755,2466,Wholesale,1097.66
50756,43,Wholesale,4130.76
50757,2596,Wholesale,9511.69
50758,108,Wholesale,6626.8
50759,2163,Wholesale,8744.89
50760,2749,Wholesale,4520.2
50761,1723,Wholesale,2564.83
50762,1757,Wholesale,8085.46
50763,1909,Wholesale,1250.27
50764,1281,Wholesale,9007.73
50765,1331,Wholesale,9659.27
50766,2243,Wholesale,6676.59
50767,1930,Wholesale,1320.64
50768,2751,Wholesale,2602.22
50769,1285,Wholesale,8684.42
50770,1062,Wholesale,9839.28
50771,1599,Wholesale,3288.63
50772,1498,Wholesale,8083.45
50773,2402,Wholesale,2537.51
50774,518,Wholesale,6456.8
50775,1729,Wholesale,6943.65
50776,1733,Wholesale,1882.67
50777,2563,Wholesale,4814.68
50778,1328,Wholesale,1157.5
50779,2972,Wholesale,6444.17
50780,831,Wholesale,3744.43
50781,1368,Wholesale,7296.6
50782,636,Wholesale,5269.74
50783,317,Wholesale,8191.7
50784,2607,Wholesale,4408.24
50785,1056,Wholesale,1046.4
50786,399,Wholesale,7688.58
50787,2141,Wholesale,8422.98
50788,1668,Wholesale,6407.72
50789,33,Wholesale,2037.17
50790,1579,Wholesale,7163.95
50791,2824,Wholesale,7303.87
50792,2220,Wholesale,2685.04
50793,386,Wholesale,4032.33
50794,2910,Wholesale,8728.9
50795,2022,Wholesale,3145.3
50796,2337,Wholesale,8031.89
50797,1296,Wholesale,4717.51
50798,2114,Wholesale,1096.05
50799,1384,Wholesale,7123.89
50800,243,Wholesale,8945.58
50801,1450,Wholesale,6080.25
50802,575,Wholesale,7037.59
50803,1867,Wholesale,9888.04
50804,1812,Wholesale,9409.82
50805,962,Wholesale,3375.74
50806,700,Wholesale,8742.73
50807,2062,Wholesale,5613.84
50808,1779,Wholesale,2340.83
50809,2469,Wholesale,7604.01
50810,1481,Wholesale,5885.03
50811,2964,Wholesale,6562.18
50812,241,Wholesale,9409.37
50813,891,Wholesale,8363.3
50814,117,Wholesale,4801.29
50815,1429,Wholesale,2457.72
50816,1277,Wholesale,6842.83
50817,2984,Wholesale,8680.75
50818,2417,Wholesale,3382.04
50819,583,Wholesale,5741.11
50820,729,Wholesale,9262.15
50821,421,Wholesale,4378.73
50822,1859,Wholesale,1970.96
50823,1974,Wholesale,9987.66
50824,539,Wholesale,1142.27
50825,720,Wholesale,8780.09
50826,107,Wholesale,8024.22
50827,2943,Wholesale,8637.75
50828,2259,Wholesale,3595.6
50829,2431,Wholesale,2414.81
50830,1817,Wholesale,4060.22
50831,2479,Wholesale,9324.46
50832,1165,Wholesale,2099.85
50833,2549,Wholesale,807.44
50834,1369,Wholesale,2302.96
50835,469,Wholesale,3638.72
50836,2662,Wholesale,4485.93
50837,529,Wholesale,4499.9
50838,775,Wholesale,663.73
50839,1953,Wholesale,1717.54
50840,2125,Wholesale,6460.92
50841,265,Wholesale,4716.22
50842,1884,Wholesale,4720.66
50843,2788,Wholesale,5555.12
50844,1293,Wholesale,6004.59
50845,2896,Wholesale,2763.93
50846,1647,Wholesale,8624.1
50847,242,Wholesale,1467.02
50848,1180,Wholesale,5047.34
50849,1235,Wholesale,931.4
50850,885,Wholesale,8212.93
50851,2213,Wholesale,1147.69
50852,1079,Wholesale,9634.23
50853,1754,Wholesale,9833.88
50854,1662,Wholesale,3664.76
50855,365,Wholesale,3811.45
50856,106,Wholesale,4153.75
50857,599,Wholesale,6428.23
50858,2256,Wholesale,4213.54
50859,1648,Wholesale,6996.62
50860,580,Wholesale,1197.16
50861,2176,Wholesale,6700.93
50862,2635,Wholesale,5317.11
50863,148,Wholesale,9313.4
50864,1806,Wholesale,1035.23
50865,1560,Wholesale,8055.0
50866,2882,Wholesale,1178.9
50867,1808,Wholesale,9650.51
50868,484,Wholesale,3390.99
50869,2856,Wholesale,624.56
50870,2973,Wholesale,7740.41
50871,2932,Wholesale,2533.69
50872,1603,Wholesale,4926.68
50873,2083,Wholesale,4361.19
50874,2732,Wholesale,2806.1
50875,2636,Wholesale,5630.67
50876,1695,Wholesale,9380.32
50877,100,Wholesale,4135.14
50878,1494,Wholesale,577.53
50879,127,Wholesale,2210.05
50880,1171,Wholesale,1815.03
50881,943,Wholesale,5097.5
50882,1325,Wholesale,2875.01
50883,2274,Wholesale,8176.56
50884,357,Wholesale,5519.77
50885,2261,Wholesale,6073.86
50886,1623,Wholesale,2073.71
50887,2505,Wholesale,566.09
50888,2996,Wholesale,721.76
50889,1267,Wholesale,9590.73
50890,965,Wholesale,9746.25
50891,2568,Wholesale,7706.49
50892,2826,Wholesale,4758.19
50893,932,Wholesale,1677.55
50894,2412,Wholesale,5188.78
50895,1126,Wholesale,9936.32
50896,2630,Wholesale,7355.94
50897,1693,Wholesale,9298.14
50898,1923,Wholesale,6470.08
50899,2322,Wholesale,3024.7
50900,1787,Wholesale,3726.24
50901,672,Wholesale,1258.86
50902,2607,Wholesale,5578.49
50903,326,Wholesale,1415.81
50904,2693,Wholesale,5127.23
50905,1415,Wholesale,4763.22
50906,200,Wholesale,8179.81
50907,2716,Wholesale,6559.89
50908,1906,Wholesale,9384.49
50909,2046,Wholesale,7955.07
50910,822,Wholesale,4249.25
50911,2268,Wholesale,6320.91
50912,1117,Wholesale,5823.67
50913,2000,Wholesale,4598.5
50914,835,Wholesale,3063.79
50915,321,Wholesale,4918.76
50916,308,Wholesale,9432.88
50917,2743,Wholesale,9651.61
50918,81,Wholesale,5440.22
50919,1751,Wholesale,1397.22
50920,1425,Wholesale,507.58
50921,354,Wholesale,806.89
50922,2237,Wholesale,6021.37
50923,553,Wholesale,4060.32
50924,2456,Wholesale,2579.1
50925,2989,Wholesale,6803.47
50926,2587,Wholesale,5003.0
50927,2532,Wholesale,5374.38
50928,886,Wholesale,726.44
50929,2340,Wholesale,8849.18
50930,505,Wholesale,2033.18
50931,394,Wholesale,6332.39
50932,1890,Wholesale,6710.08
50933,2151,Wholesale,9059.37
50934,1880,Wholesale,522.74
50935,2085,Wholesale,4095.09
50936,370,Wholesale,2793.67
50937,1358,Wholesale,1894.65
50938,2523,Wholesale,4987.2
50939,615,Wholesale,9259.05
50940,1381,Wholesale,1721.17
50941,2964,Wholesale,5055.71
50942,1855,Wholesale,6212.18
50943,550,Wholesale,4713.86
50944,113,Wholesale,6403.79
50945,824,Wholesale,1266.28
50946,2421,Wholesale,4335.86
50947,511,Wholesale,2999.42
50948,1934,Wholesale,1604.4
50949,2671,Wholesale,3027.03
50950,1394,Wholesale,3741.05
50951,1250,Wholesale,3325.87
50952,1294,Wholesale,9351.84
50953,167,Wholesale,7882.11
50954,2547,Wholesale,4487.48
50955,2230,Wholesale,870.57
50956,2848,Wholesale,5919.06
50957,2302,Wholesale,8479.96
50958,352,Wholesale,3063.58
50959,416,Wholesale,9888.56
50960,2531,Wholesale,7885.9
50961,1137,Wholesale,1032.4
50962,537,Wholesale,6986.58
50963,27,Wholesale,5533.91
50964,1901,Wholesale,6423.77
50965,2434,Wholesale,7124.39
50966,1934,Wholesale,7014.2
50967,2401,Wholesale,9353.67
50968,835,Wholesale,7998.56
50969,321,Wholesale,6953.78
50970,2548,Wholesale,6440.55
50971,1539,Wholesale,3603.24
50972,2180,Wholesale,3961.87
50973,1002,Wholesale,1203.87
50974,2873,Wholesale,6103.28
50975,1342,Wholesale,8859.94
50976,2905,Wholesale,5285.41
50977,2891,Wholesale,2513.33
50978,143,Wholesale,9175.88
50979,1890,Wholesale,1305.37
50980,2285,Wholesale,2081.83
50981,234,Wholesale,7003.56
50982,1805,Wholesale,9852.44
50983,2721,Wholesale,6508.89
50984,2584,Wholesale,3770.59
50985,1250,Wholesale,3968.09
50986,254,Wholesale,2046.26
50987,611,Wholesale,3945.53
50988,1178,Wholesale,1181.52
50989,2510,Wholesale,8666.36
50990,2604,Wholesale,2314.17
50991,2952,Wholesale,6828.17
50992,546,Wholesale,8992.67
50993,1157,Wholesale,1625.82
50994,147,Wholesale,2493.79
50995,2070,Wholesale,3730.62
50996,1295,Wholesale,3972.59
50997,2371,Wholesale,7955.39
50998,1939,Wholesale,2851.76
50999,975,Wholesale,3535.04
51000,44,Wholesale,4920.64
51001,1943,Wholesale,4301.72
51002,1073,Wholesale,6047.08
51003,1449,Wholesale,6615.05
51004,2249,Wholesale,7466.28
51005,318,Wholesale,3362.48
51006,550,Wholesale,2895.65
51007,1806,Wholesale,1593.93
51008,1689,Wholesale,4784.54
51009,803,Wholesale,6079.75
51010,658,Wholesale,3779.39
51011,2253,Wholesale,5326.75
51012,1516,Wholesale,4232.74
51013,2400,Wholesale,1984.73
51014,2575,Wholesale,3507.01
51015,2684,Wholesale,4323.44
51016,2087,Wholesale,9726.38
51017,139,Wholesale,6657.55
51018,2704,Wholesale,4904.18
51019,938,Wholesale,9260.59
51020,784,Wholesale,3398.32
51021,1328,Wholesale,9229.61
51022,1657,Wholesale,7338.65
51023,1615,Wholesale,8276.43
51024,2464,Wholesale,9562.56
51025,145,Wholesale,8152.93
51026,2091,Wholesale,8485.28
51027,2212,Wholesale,7891.28
51028,8,Wholesale,5970.64
51029,402,Wholesale,7856.52
51030,1834,Wholesale,7400.32
51031,540,Wholesale,1061.59
51032,637,Wholesale,5469.33
51033,964,Wholesale,8800.45
51034,2158,Wholesale,1188.84
51035,1576,Wholesale,3270.47
51036,323,Wholesale,3884.99
51037,2697,Wholesale,5807.87
51038,2318,Wholesale,4521.67
51039,2515,Wholesale,8834.81
51040,2954,Wholesale,5741.24
51041,2699,Wholesale,2379.33
51042,2336,Wholesale,945.63
51043,551,Wholesale,2742.89
51044,903,Wholesale,8966.97
51045,2269,Wholesale,9975.51
51046,606,Wholesale,1201.65
51047,915,Wholesale,6660.8
51048,1734,Wholesale,4466.35
51049,1440,Wholesale,1136.78
51050,2142,Wholesale,2326.45
51051,2657,Wholesale,7798.24
51052,2672,Wholesale,1585.6
51053,1009,Wholesale,5906.87
51054,2007,Wholesale,1057.02
51055,2205,Wholesale,5102.07
51056,2283,Wholesale,8687.37
51057,1210,Wholesale,6440.21
51058,1514,Wholesale,9366.85
51059,1676,Wholesale,3321.02
51060,138,Wholesale,5602.4
51061,2899,Wholesale,5819.51
51062,655,Wholesale,7701.06
51063,391,Wholesale,555.94
51064,2395,Wholesale,3928.5
51065,2454,Wholesale,9404.59
51066,1480,Wholesale,3940.87
51067,1250,Wholesale,4801.8
51068,2873,Wholesale,5341.58
51069,1714,Wholesale,2371.78
51070,646,Wholesale,4440.39
51071,1009,Wholesale,4369.29
51072,1279,Wholesale,5067.45
51073,2812,Wholesale,6744.61
51074,378,Wholesale,8789.81
51075,117,Wholesale,817.76
51076,1717,Wholesale,4127.67
51077,435,Wholesale,5436.97
51078,750,Wholesale,9777.02
51079,656,Wholesale,3846.07
51080,2848,Wholesale,5898.05
51081,2117,Wholesale,3864.04
51082,2288,Wholesale,2621.63
51083,1464,Wholesale,939.68
51084,63,Wholesale,1714.52
51085,1712,Wholesale,9650.37
51086,1654,Wholesale,4026.97
51087,1899,Wholesale,9961.46
51088,2829,Wholesale,9233.3
51089,2605,Wholesale,7632.76
51090,895,Wholesale,3054.08
51091,309,Wholesale,1983.72
51092,238,Wholesale,8895.97
51093,1341,Wholesale,4614.25
51094,594,Wholesale,6890.7
51095,4,Wholesale,2320.85
51096,2731,Wholesale,4842.57
51097,1843,Wholesale,7960.07
51098,950,Wholesale,5245.13
51099,1525,Wholesale,9084.05
51100,2109,Wholesale,1642.25
51101,2812,Wholesale,9444.49
51102,506,Wholesale,6585.79
51103,2452,Wholesale,2927.72
51104,925,Wholesale,2566.93
51105,1907,Wholesale,5112.92
51106,1875,Wholesale,6104.6
51107,2034,Wholesale,3553.12
51108,1294,Wholesale,6356.67
51109,2506,Wholesale,2562.51
51110,734,Wholesale,9324.95
51111,773,Wholesale,8636.46
51112,648,Wholesale,6383.87
51113,2959,Wholesale,5679.9
51114,178,Wholesale,8653.81
51115,802,Wholesale,4690.13
51116,2610,Wholesale,1104.26
51117,1286,Wholesale,9668.36
51118,354,Wholesale,7417.72
51119,359,Wholesale,3774.53
51120,2053,Wholesale,5197.34
51121,2787,Wholesale,1882.09
51122,2045,Wholesale,4846.12
51123,929,Wholesale,9418.58
51124,1121,Wholesale,9349.18
51125,2894,Wholesale,4487.06
51126,2745,Wholesale,3958.17
51127,200,Wholesale,4858.84
51128,2335,Wholesale,2260.03
51129,2820,Wholesale,3958.83
51130,1953,Wholesale,7651.36
51131,1011,Wholesale,2800.51
51132,1151,Wholesale,7238.45
51133,1375,Wholesale,9095.93
51134,2751,Wholesale,2717.04
51135,2185,Wholesale,9191.49
51136,1322,Wholesale,8359.12
51137,2963,Wholesale,9452.52
51138,879,Wholesale,7060.4
51139,1287,Wholesale,2896.14
51140,2425,Wholesale,7910.32
51141,2617,Wholesale,9216.99
51142,393,Wholesale,4687.95
51143,2235,Wholesale,8281.41
51144,1087,Wholesale,1723.49
51145,2684,Wholesale,667.66
51146,2723,Wholesale,8784.68
51147,801,Wholesale,3504.19
51148,276,Wholesale,9626.77
51149,83,Wholesale,5808.2
51150,971,Wholesale,6202.39
51151,530,Wholesale,4913.6
51152,2567,Wholesale,4821.01
51153,2351,Wholesale,6694.18
51154,1243,Wholesale,2376.37
51155,2098,Wholesale,4352.62
51156,2524,Wholesale,3638.81
51157,860,Wholesale,7738.68
51158,2897,Wholesale,4460.59
51159,965,Wholesale,8531.13
51160,2434,Wholesale,3470.56
51161,1981,Wholesale,6591.96
51162,2028,Wholesale,7492.21
51163,2074,Wholesale,7971.17
51164,461,Wholesale,2623.78
51165,2316,Wholesale,3616.92
51166,1662,Wholesale,9972.43
51167,269,Wholesale,5644.42
51168,1533,Wholesale,6218.01
51169,271,Wholesale,3488.8
51170,1046,Wholesale,2484.78
51171,2666,Wholesale,2847.14
51172,1206,Wholesale,6285.35
51173,1494,Wholesale,9128.92
51174,2103,Wholesale,4313.97
51175,2,Wholesale,7668.09
51176,2263,Wholesale,4398.1
51177,226,Wholesale,3211.18
51178,415,Wholesale,3837.32
51179,2915,Wholesale,5874.27
51180,1622,Wholesale,3079.24
51181,1344,Wholesale,8260.12
51182,669,Wholesale,2773.17
51183,933,Wholesale,9843.53
51184,2828,Wholesale,3689.68
51185,1879,Wholesale,8534.9
51186,1183,Wholesale,4688.44
51187,18,Wholesale,7214.46
51188,1429,Wholesale,2503.18
51189,1035,Wholesale,6063.3
51190,1835,Wholesale,8568.56
51191,1997,Wholesale,3889.33
51192,1626,Wholesale,8341.73
51193,1221,Wholesale,5836.53
51194,993,Wholesale,3847.45
51195,1819,Wholesale,5996.43
51196,2962,Wholesale,1580.92
51197,2161,Wholesale,2551.7
51198,1849,Wholesale,6086.51
51199,1476,Wholesale,3882.06
51200,903,Wholesale,582.68
51201,2856,Wholesale,6781.57
51202,689,Wholesale,3198.42
51203,2902,Wholesale,9277.87
51204,2127,Wholesale,2914.77
51205,2809,Wholesale,5946.91
51206,1227,Wholesale,4142.39
51207,218,Wholesale,5253.26
51208,661,Wholesale,6012.48
51209,103,Wholesale,3530.84
51210,1540,Wholesale,9721.48
51211,2186,Wholesale,807.55
51212,448,Wholesale,4548.41
51213,2496,Wholesale,9714.9
51214,832,Wholesale,3492.94
51215,180,Wholesale,1043.82
51216,1044,Wholesale,8648.79
51217,561,Wholesale,2179.84
51218,2080,Wholesale,8527.24
51219,2386,Wholesale,6280.57
51220,60,Wholesale,6108.15
51221,409,Wholesale,2649.01
51222,360,Wholesale,2761.47
51223,1009,Wholesale,1235.46
51224,1090,Wholesale,9044.3
51225,671,Wholesale,4555.22
51226,436,Wholesale,5847.77
51227,484,Wholesale,3453.65
51228,2373,Wholesale,843.47
51229,2940,Wholesale,8076.26
51230,2175,Wholesale,5623.11
51231,2128,Wholesale,1204.54
51232,1949,Wholesale,5956.19
51233,2333,Wholesale,6351.23
51234,2435,Wholesale,2746.09
51235,1807,Wholesale,2135.85
51236,983,Wholesale,1825.68
51237,2292,Wholesale,8020.46
51238,1752,Wholesale,4863.78
51239,1242,Wholesale,5652.63
51240,1548,Wholesale,4190.79
51241,1414,Wholesale,6945.66
51242,2433,Wholesale,6091.47
51243,223,Wholesale,2387.27
51244,1153,Wholesale,8038.34
51245,1694,Wholesale,4150.95
51246,268,Wholesale,2629.18
51247,2379,Wholesale,8246.0
51248,778,Wholesale,9346.84
51249,843,Wholesale,3349.59
51250,691,Wholesale,7174.7
51251,308,Wholesale,1445.38
51252,1892,Wholesale,1252.17
51253,2991,Wholesale,1658.45
51254,951,Wholesale,1474.7
51255,443,Wholesale,616.1
51256,729,Wholesale,2828.9
51257,2378,Wholesale,4217.78
51258,445,Wholesale,2940.99
51259,2041,Wholesale,4762.01
51260,758,Wholesale,7927.37
51261,2302,Wholesale,9729.18
51262,2208,Wholesale,9917.98
51263,637,Wholesale,8341.47
51264,1982,Wholesale,529.34
51265,526,Wholesale,5253.89
51266,2555,Wholesale,4912.79
51267,2767,Wholesale,6713.21
51268,1365,Wholesale,652.19
51269,1560,Wholesale,2697.82
51270,1322,Wholesale,7216.3
51271,2278,Wholesale,8507.35
51272,2091,Wholesale,9806.66
51273,2732,Wholesale,7941.02
51274,1176,Wholesale,2487.66
51275,926,Wholesale,5574.0
51276,469,Wholesale,2794.03
51277,1049,Wholesale,8136.78
51278,689,Wholesale,2653.27
51279,1674,Wholesale,9512.8
51280,825,Wholesale,8755.66
51281,242,Wholesale,1096.55
51282,689,Wholesale,6793.75
51283,2270,Wholesale,5354.51
51284,339,Wholesale,1262.43
51285,569,Wholesale,2383.62
51286,2778,Wholesale,4949.97
51287,834,Wholesale,1618.79
51288,205,Wholesale,5092.88
51289,2930,Wholesale,1924.78
51290,116,Wholesale,5707.8
51291,1595,Wholesale,1332.39
51292,2758,Wholesale,2112.38
51293,2184,Wholesale,4618.72
51294,876,Wholesale,6495.43
51295,2800,Wholesale,3181.41
51296,191,Wholesale,8418.7
51297,2340,Wholesale,2788.9
51298,644,Wholesale,8847.09
51299,2068,Wholesale,3940.46
51300,2218,Wholesale,7565.66
51301,825,Wholesale,7586.25
51302,2338,Wholesale,8212.16
51303,2846,Wholesale,1702.51
51304,1706,Wholesale,7737.65
51305,2644,Wholesale,7851.63
51306,8,Wholesale,5597.64
51307,1463,Wholesale,5844.12
51308,157,Wholesale,6091.29
51309,2311,Wholesale,1234.93
51310,835,Wholesale,1218.34
51311,523,Wholesale,7974.65
51312,2860,Wholesale,4088.42
51313,1724,Wholesale,1441.95
51314,1603,Wholesale,6922.02
51315,1718,Wholesale,7391.95
51316,2192,Wholesale,1599.14
51317,2139,Wholesale,8644.96
51318,986,Wholesale,5317.17
51319,751,Wholesale,3678.69
51320,2369,Wholesale,2045.12
51321,286,Wholesale,3575.17
51322,417,Wholesale,3672.3
51323,788,Wholesale,3894.02
51324,2395,Wholesale,4390.71
51325,129,Wholesale,5404.09
51326,1555,Wholesale,3474.2
51327,1421,Wholesale,5217.06
51328,1784,Wholesale,3453.77
51329,273,Wholesale,7761.68
51330,2563,Wholesale,1349.73
51331,734,Wholesale,2417.96
51332,2457,Wholesale,942.34
51333,2558,Wholesale,9695.72
51334,1277,Wholesale,1250.08
51335,1062,Wholesale,3858.24
51336,956,Wholesale,9937.94
51337,1131,Wholesale,7316.55
51338,2276,Wholesale,8343.78
51339,1266,Wholesale,8393.42
51340,662,Wholesale,9739.58
51341,708,Wholesale,3187.69
51342,179,Wholesale,868.73
51343,2578,Wholesale,8983.62
51344,1407,Wholesale,5573.33
51345,1264,Wholesale,1999.43
51346,1849,Wholesale,9786.4
51347,934,Wholesale,4999.89
51348,2134,Wholesale,4160.59
51349,2568,Wholesale,2257.76
51350,1982,Wholesale,9246.63
51351,558,Wholesale,1733.82
51352,2166,Wholesale,6514.88
51353,868,Wholesale,5469.19
51354,2779,Wholesale,9926.21
51355,282,Wholesale,1159.17
51356,2606,Wholesale,1081.56
51357,1844,Wholesale,3744.37
51358,1435,Wholesale,3061.56
51359,1887,Wholesale,2756.48
51360,1191,Wholesale,8091.78
51361,1537,Wholesale,8322.13
51362,429,Wholesale,7256.77
51363,1675,Wholesale,534.25
51364,2505,Wholesale,3612.88
51365,2214,Wholesale,8449.47
51366,1516,Wholesale,7372.06
51367,2509,Wholesale,6698.74
51368,2850,Wholesale,1604.53
51369,1128,Wholesale,5731.53
51370,2331,Wholesale,9384.05
51371,1524,Wholesale,6399.95
51372,2831,Wholesale,1077.62
51373,552,Wholesale,4954.47
51374,1401,Wholesale,7358.19
51375,961,Wholesale,4192.59
51376,2162,Wholesale,6464.02
51377,2598,Wholesale,4983.07
51378,463,Wholesale,2702.93
51379,1142,Wholesale,2006.19
51380,1000,Wholesale,4648.9
51381,1857,Wholesale,7625.29
51382,1052,Wholesale,9678.71
51383,385,Wholesale,5814.69
51384,2804,Wholesale,5435.87
51385,1332,Wholesale,7708.7
51386,1361,Wholesale,2553.91
51387,1343,Wholesale,1614.17
51388,2365,Wholesale,8670.49
51389,1596,Wholesale,8069.29
51390,580,Wholesale,1980.92
51391,1089,Wholesale,8384.95
51392,2868,Wholesale,5033.6
51393,2389,Wholesale,3164.0
51394,2991,Wholesale,2414.99
51395,2069,Wholesale,2287.81
51396,1055,Wholesale,582.3
51397,1621,Wholesale,5975.0
51398,2943,Wholesale,7716.05
51399,1498,Wholesale,4067.53
51400,2573,Wholesale,8332.13
51401,1578,Wholesale,4913.66
51402,1575,Wholesale,9548.6
51403,1688,Wholesale,7067.27
51404,76,Wholesale,4235.72
51405,1444,Wholesale,9756.43
51406,617,Wholesale,8954.72
51407,400,Wholesale,3302.3
51408,2906,Wholesale,8647.81
51409,1138,Wholesale,4387.98
51410,2515,Wholesale,8236.72
51411,1777,Wholesale,7492.45
51412,2200,Wholesale,9780.27
51413,1494,Wholesale,6535.23
51414,1677,Wholesale,4115.99
51415,1500,Wholesale,6154.12
51416,286,Wholesale,8115.31
51417,2046,Wholesale,4021.23
51418,696,Wholesale,1031.24
51419,1482,Wholesale,1395.62
51420,1865,Wholesale,2287.73
51421,1793,Wholesale,3637.46
51422,1821,Wholesale,3705.86
51423,2731,Wholesale,9905.66
51424,2831,Wholesale,6158.13
51425,2502,Wholesale,2901.56
51426,1865,Wholesale,3605.01
51427,2527,Wholesale,4847.08
51428,1165,Wholesale,7131.03
51429,1350,Wholesale,1626.52
51430,503,Wholesale,4652.78
51431,1425,Wholesale,2269.88
51432,2378,Wholesale,2470.36
51433,2813,Wholesale,6550.47
51434,2325,Wholesale,1014.69
51435,1026,Wholesale,1951.17
51436,802,Wholesale,3088.54
51437,338,Wholesale,3732.32
51438,65,Wholesale,1036.24
51439,966,Wholesale,6202.07
51440,2600,Wholesale,8344.12
51441,593,Wholesale,4626.59
51442,2417,Wholesale,2165.45
51443,2381,Wholesale,9272.74
51444,2412,Wholesale,6021.74
51445,2235,Wholesale,1750.9
51446,2800,Wholesale,9458.7
51447,967,Wholesale,8146.74
51448,1456,Wholesale,3079.0
51449,1465,Wholesale,3897.97
51450,601,Wholesale,2032.54
51451,372,Wholesale,6441.43
51452,1165,Wholesale,4492.6
51453,880,Wholesale,1618.19
51454,2179,Wholesale,2116.29
51455,2943,Wholesale,7677.18
51456,2028,Wholesale,5535.89
51457,1844,Wholesale,6488.67
51458,574,Wholesale,9563.36
51459,1591,Wholesale,7701.81
51460,411,Wholesale,5858.4
51461,1344,Wholesale,3187.59
51462,2991,Wholesale,1071.57
51463,2036,Wholesale,7381.81
51464,1919,Wholesale,719.04
51465,210,Wholesale,1094.86
51466,2342,Wholesale,8460.6
51467,510,Wholesale,771.52
51468,911,Wholesale,1558.0
51469,2962,Wholesale,2420.83
51470,1680,Wholesale,955.76
51471,2357,Wholesale,813.4
51472,272,Wholesale,7811.98
51473,315,Wholesale,1320.69
51474,2028,Wholesale,1890.06
51475,2205,Wholesale,1903.18
51476,1351,Wholesale,7015.26
51477,1526,Wholesale,7033.87
51478,1342,Wholesale,9965.57
51479,680,Wholesale,4480.51
51480,982,Wholesale,4409.31
51481,2170,Wholesale,3753.32
51482,2114,Wholesale,9772.89
51483,1374,Wholesale,5902.81
51484,1693,Wholesale,5654.34
51485,689,Wholesale,6208.29
51486,2680,Wholesale,985.32
51487,350,Wholesale,2194.28
51488,1156,Wholesale,769.37
51489,1670,Wholesale,5131.29
51490,1865,Wholesale,3201.15
51491,308,Wholesale,8998.29
51492,1157,Wholesale,4125.36
51493,1522,Wholesale,8691.72
51494,1308,Wholesale,9334.24
51495,1852,Wholesale,9644.47
51496,2130,Wholesale,9508.2
51497,1135,Wholesale,1575.64
51498,2617,Wholesale,6058.97
51499,423,Wholesale,5034.96
51500,1803,Wholesale,9738.62
51501,2681,Wholesale,3599.01
51502,941,Wholesale,9769.31
51503,1950,Wholesale,8557.41
51504,757,Wholesale,8883.24
51505,1741,Wholesale,4643.95
51506,2094,Wholesale,9455.24
51507,1793,Wholesale,3852.66
51508,1187,Wholesale,4085.19
51509,836,Wholesale,4938.73
51510,1160,Wholesale,1181.19
51511,2909,Wholesale,5100.63
51512,2391,Wholesale,1694.54
51513,292,Wholesale,2732.83
51514,2023,Wholesale,867.54
51515,163,Wholesale,4529.63
51516,1921,Wholesale,4193.37
51517,2848,Wholesale,6465.12
51518,2672,Wholesale,7014.44
51519,2327,Wholesale,5840.32
51520,548,Wholesale,1367.23
51521,2434,Wholesale,9347.36
51522,2499,Wholesale,4260.21
51523,945,Wholesale,4965.29
51524,834,Wholesale,9295.19
51525,1355,Wholesale,9248.33
51526,377,Wholesale,2462.62
51527,937,Wholesale,710.32
51528,169,Wholesale,582.08
51529,222,Wholesale,1938.09
51530,764,Wholesale,5771.01
51531,2910,Wholesale,1016.36
51532,41,Wholesale,9375.78
51533,195,Wholesale,3106.01
51534,1760,Wholesale,2733.63
51535,1274,Wholesale,4806.07
51536,2806,Wholesale,8246.25
51537,1656,Wholesale,4357.8
51538,1062,Wholesale,9192.47
51539,5,Wholesale,8998.09
51540,1741,Wholesale,7782.84
51541,2291,Wholesale,4053.49
51542,2285,Wholesale,7980.72
51543,2256,Wholesale,6702.1
51544,428,Wholesale,5642.76
51545,2593,Wholesale,8220.88
51546,1829,Wholesale,2158.61
51547,1036,Wholesale,8842.4
51548,821,Wholesale,6844.93
51549,1744,Wholesale,3707.13
51550,1151,Wholesale,4936.19
51551,561,Wholesale,6274.39
51552,379,Wholesale,3731.01
51553,889,Wholesale,1756.75
51554,243,Wholesale,1589.61
51555,2351,Wholesale,2050.28
51556,1907,Wholesale,5821.32
51557,971,Wholesale,8332.34
51558,1820,Wholesale,5765.78
51559,149,Wholesale,5488.38
51560,2174,Wholesale,596.98
51561,1852,Wholesale,1258.01
51562,541,Wholesale,4757.69
51563,369,Wholesale,1821.45
51564,2752,Wholesale,4713.11
51565,345,Wholesale,3703.41
51566,1307,Wholesale,4086.87
51567,887,Wholesale,7281.96
51568,1347,Wholesale,1784.09
51569,2375,Wholesale,9262.37
51570,1595,Wholesale,7416.47
51571,2056,Wholesale,9763.37
51572,1194,Wholesale,3723.44
51573,980,Wholesale,7471.51
51574,1384,Wholesale,6917.08
51575,768,Wholesale,9591.25
51576,2767,Wholesale,4290.71
51577,758,Wholesale,8245.52
51578,2840,Wholesale,5803.81
51579,1513,Wholesale,8782.15
51580,2505,Wholesale,962.25
51581,2995,Wholesale,1414.61
51582,399,Wholesale,5313.58
51583,681,Wholesale,712.34
51584,2656,Wholesale,6408.73
51585,2969,Wholesale,8278.25
51586,1481,Wholesale,600.99
51587,1117,Wholesale,7830.59
51588,1880,Wholesale,4374.02
51589,296,Wholesale,8289.61
51590,2745,Wholesale,3182.05
51591,974,Wholesale,6660.58
51592,60,Wholesale,4828.23
51593,2809,Wholesale,7484.36
51594,1385,Wholesale,9707.3
51595,451,Wholesale,2830.36
51596,56,Wholesale,6554.69
51597,541,Wholesale,7960.01
51598,691,Wholesale,9531.41
51599,1043,Wholesale,5502.34
51600,1042,Wholesale,7149.1
51601,2744,Wholesale,5735.4
51602,2995,Wholesale,9045.27
51603,828,Wholesale,523.38
51604,2121,Wholesale,7947.53
51605,2690,Wholesale,6902.0
51606,240,Wholesale,6939.28
51607,1067,Wholesale,1978.55
51608,38,Wholesale,543.41
51609,2185,Wholesale,1514.68
51610,1640,Wholesale,2205.39
51611,851,Wholesale,8681.77
51612,1246,Wholesale,5096.88
51613,1359,Wholesale,2210.83
51614,2349,Wholesale,6812.46
51615,177,Wholesale,2200.12
51616,1091,Wholesale,6890.87
51617,569,Wholesale,1443.35
51618,1998,Wholesale,5690.92
51619,2003,Wholesale,2390.27
51620,2742,Wholesale,8489.69
51621,2670,Wholesale,2595.0
51622,349,Wholesale,2636.8
51623,1663,Wholesale,5404.85
51624,1103,Wholesale,9559.24
51625,2476,Wholesale,4724.02
51626,2338,Wholesale,8464.19
51627,1593,Wholesale,7813.94
51628,1736,Wholesale,6611.11
51629,317,Wholesale,9973.23
51630,927,Wholesale,2008.05
51631,2303,Wholesale,894.63
51632,2963,Wholesale,7056.9
51633,2092,Wholesale,2308.08
51634,2335,Wholesale,1835.94
51635,709,Wholesale,5685.78
51636,2041,Wholesale,8059.98
51637,1336,Wholesale,2549.44
51638,2279,Wholesale,7244.94
51639,1381,Wholesale,4826.74
51640,1821,Wholesale,3206.35
51641,500,Wholesale,7135.23
51642,1733,Wholesale,8019.94
51643,997,Wholesale,2560.7
51644,2925,Wholesale,3295.75
51645,2169,Wholesale,7444.65
51646,1708,Wholesale,2848.4
51647,2884,Wholesale,4099.46
51648,2197,Wholesale,1528.11
51649,286,Wholesale,5533.21
51650,684,Wholesale,2532.39
51651,1639,Wholesale,2569.42
51652,1000,Wholesale,9300.66
51653,2918,Wholesale,1116.52
51654,1133,Wholesale,6531.55
51655,2320,Wholesale,9674.22
51656,1458,Wholesale,8607.68
51657,2282,Wholesale,8627.64
51658,2023,Wholesale,5008.26
51659,1197,Wholesale,6911.65
51660,820,Wholesale,7259.71
51661,2750,Wholesale,802.31
51662,1287,Wholesale,4857.21
51663,1049,Wholesale,5689.41
51664,168,Wholesale,6521.95
51665,2361,Wholesale,8470.04
51666,2938,Wholesale,7641.14
51667,1879,Wholesale,1705.34
51668,572,Wholesale,867.58
51669,2657,Wholesale,4494.97
51670,1666,Wholesale,3566.83
51671,2133,Wholesale,4952.2
51672,1226,Wholesale,6676.48
51673,2499,Wholesale,4274.87
51674,2815,Wholesale,6473.74
51675,1997,Wholesale,8913.61
51676,2920,Wholesale,3969.59
51677,1500,Wholesale,5023.75
51678,1664,Wholesale,9376.87
51679,57,Wholesale,4064.59
51680,1336,Wholesale,2057.46
51681,2103,Wholesale,3802.55
51682,2793,Wholesale,8971.57
51683,2482,Wholesale,9240.98
51684,1979,Wholesale,7273.86
51685,1075,Wholesale,9968.04
51686,600,Wholesale,1900.44
51687,972,Wholesale,7654.27
51688,2363,Wholesale,8666.73
51689,2069,Wholesale,2998.48
51690,2834,Wholesale,2915.04
51691,1868,Wholesale,4623.45
51692,812,Wholesale,3933.99
51693,513,Wholesale,7529.56
51694,2599,Wholesale,1757.85
51695,181,Wholesale,1191.4
51696,2323,Wholesale,6736.61
51697,1205,Wholesale,858.42
51698,1400,Wholesale,6942.98
51699,927,Wholesale,2647.95
51700,425,Wholesale,811.15
51701,871,Wholesale,4493.75
51702,272,Wholesale,6442.99
51703,2164,Wholesale,3361.39
51704,1824,Wholesale,6257.92
51705,1729,Wholesale,6929.37
51706,384,Wholesale,5519.02
51707,2704,Wholesale,3289.59
51708,864,Wholesale,9691.94
51709,244,Wholesale,9033.62
51710,2462,Wholesale,4248.96
51711,1071,Wholesale,5329.9
51712,1633,Wholesale,5240.04
51713,2075,Wholesale,4893.95
51714,475,Wholesale,8970.6
51715,781,Wholesale,9992.11
51716,2570,Wholesale,5679.58
51717,569,Wholesale,2362.28
51718,2712,Wholesale,5512.29
51719,598,Wholesale,6423.37
51720,1616,Wholesale,2089.89
51721,1327,Wholesale,1247.3
51722,2825,Wholesale,5268.24
51723,193,Wholesale,633.48
51724,1271,Wholesale,2317.05
51725,307,Wholesale,781.17
51726,2983,Wholesale,5792.15
51727,2143,Wholesale,5125.67
51728,1134,Wholesale,9511.2
51729,750,Wholesale,6724.83
51730,1247,Wholesale,2478.79
51731,1263,Wholesale,3571.03
51732,1417,Wholesale,593.13
51733,2008,Wholesale,9270.41
51734,2389,Wholesale,5303.16
51735,2102,Wholesale,2856.81
51736,893,Wholesale,1857.07
51737,65,Wholesale,9580.71
51738,1521,Wholesale,9038.93
51739,2446,Wholesale,9563.34
51740,1157,Wholesale,2808.56
51741,1432,Wholesale,3946.05
51742,2405,Wholesale,7391.03
51743,2179,Wholesale,3177.69
51744,1940,Wholesale,7747.0
51745,26,Wholesale,1546.86
51746,2835,Wholesale,5344.99
51747,2974,Wholesale,6808.09
51748,594,Wholesale,2380.39
51749,425,Wholesale,8402.75
51750,161,Wholesale,8251.07
51751,2470,Wholesale,8184.58
51752,412,Wholesale,2155.83
51753,2585,Wholesale,5473.47
51754,1844,Wholesale,2376.44
51755,2641,Wholesale,8433.58
51756,1638,Wholesale,6719.71
51757,1710,Wholesale,3286.51
51758,218,Wholesale,9615.69
51759,1997,Wholesale,1705.69
51760,2753,Wholesale,5519.84
51761,1767,Wholesale,6488.01
51762,1296,Wholesale,7746.23
51763,1617,Wholesale,7902.01
51764,1978,Wholesale,7886.81
51765,810,Wholesale,1020.94
51766,2942,Wholesale,5082.35
51767,494,Wholesale,2902.11
51768,1724,Wholesale,7945.3
51769,118,Wholesale,2874.65
51770,2938,Wholesale,6292.7
51771,320,Wholesale,4457.37
51772,1015,Wholesale,3415.58
51773,2791,Wholesale,1784.98
51774,1317,Wholesale,5756.46
51775,1665,Wholesale,2830.81
51776,1185,Wholesale,9034.54
51777,2379,Wholesale,4373.53
51778,588,Wholesale,9109.27
51779,2923,Wholesale,955.42
51780,644,Wholesale,8481.34
51781,2678,Wholesale,4651.97
51782,1163,Wholesale,3316.67
51783,1574,Wholesale,8343.28
51784,2146,Wholesale,7445.62
51785,1851,Wholesale,4653.98
51786,2680,Wholesale,9770.45
51787,2674,Wholesale,9387.01
51788,1480,Wholesale,7644.54
51789,570,Wholesale,3820.84
51790,741,Wholesale,1297.54
51791,2657,Wholesale,571.44
51792,1598,Wholesale,523.16
51793,503,Wholesale,4145.69
51794,146,Wholesale,4287.7
51795,2451,Wholesale,904.99
51796,1699,Wholesale,6823.79
51797,1333,Wholesale,9330.27
51798,2295,Wholesale,2542.29
51799,79,Wholesale,9976.49
51800,2429,Wholesale,2079.7
51801,1290,Wholesale,5055.46
51802,2363,Wholesale,8459.82
51803,514,Wholesale,2117.73
51804,307,Wholesale,7861.27
51805,111,Wholesale,1996.23
51806,1279,Wholesale,1934.06
51807,1362,Wholesale,3618.97
51808,2105,Wholesale,7436.69
51809,1866,Wholesale,6269.8
51810,2266,Wholesale,4970.41
51811,2171,Wholesale,4113.5
51812,2992,Wholesale,4638.17
51813,2620,Wholesale,6972.69
51814,1577,Wholesale,3462.77
51815,239,Wholesale,9793.19
51816,293,Wholesale,6959.46
51817,458,Wholesale,3872.73
51818,1197,Wholesale,8731.5
51819,110,Wholesale,9439.86
51820,480,Wholesale,9442.31
51821,958,Wholesale,9629.7
51822,1518,Wholesale,3634.11
51823,1513,Wholesale,3206.9
51824,2198,Wholesale,9149.74
51825,1922,Wholesale,2610.86
51826,2546,Wholesale,4910.28
51827,132,Wholesale,2315.4
51828,2589,Wholesale,5465.03
51829,2166,Wholesale,4223.27
51830,1203,Wholesale,3379.43
51831,1415,Wholesale,4396.43
51832,2983,Wholesale,2952.32
51833,2612,Wholesale,7485.25
51834,407,Wholesale,1319.44
51835,120,Wholesale,9014.33
51836,1046,Wholesale,2170.0
51837,822,Wholesale,1903.17
51838,503,Wholesale,6175.94
51839,2992,Wholesale,9657.68
51840,2279,Wholesale,9028.64
51841,1534,Wholesale,4087.62
51842,911,Wholesale,5551.07
51843,1206,Wholesale,1460.1
51844,233,Wholesale,1795.71
51845,2089,Wholesale,6481.26
51846,1217,Wholesale,4517.76
51847,2595,Wholesale,9614.79
51848,608,Wholesale,8655.59
51849,2735,Wholesale,3448.2
51850,2196,Wholesale,4783.23
51851,2290,Wholesale,776.89
51852,2856,Wholesale,3809.49
51853,335,Wholesale,5963.57
51854,1778,Wholesale,9862.34
51855,1187,Wholesale,6296.36
51856,2714,Wholesale,3536.7
51857,2512,Wholesale,5444.99
51858,2611,Wholesale,5971.27
51859,2486,Wholesale,5049.96
51860,599,Wholesale,5299.74
51861,2728,Wholesale,5159.67
51862,550,Wholesale,4676.39
51863,1070,Wholesale,4122.58
51864,1918,Wholesale,5417.49
51865,736,Wholesale,2679.17
51866,2662,Wholesale,2431.22
51867,419,Wholesale,8858.65
51868,1639,Wholesale,6028.21
51869,1653,Wholesale,1388.24
51870,2960,Wholesale,5744.32
51871,2521,Wholesale,2198.56
51872,474,Wholesale,5517.91
51873,1822,Wholesale,6189.81
51874,1681,Wholesale,6165.07
51875,2801,Wholesale,1267.1
51876,2944,Wholesale,3586.52
51877,1605,Wholesale,1216.64
51878,1938,Wholesale,1031.27
51879,1056,Wholesale,6808.13
51880,2507,Wholesale,7704.11
51881,2512,Wholesale,9100.36
51882,1209,Wholesale,8793.02
51883,1365,Wholesale,1092.27
51884,2137,Wholesale,4202.43
51885,2424,Wholesale,9576.43
51886,634,Wholesale,7552.24
51887,2164,Wholesale,2712.52
51888,2337,Wholesale,9507.94
51889,853,Wholesale,4457.72
51890,1306,Wholesale,8964.54
51891,168,Wholesale,5011.69
51892,2906,Wholesale,637.39
51893,1671,Wholesale,1986.15
51894,2860,Wholesale,6585.81
51895,2551,Wholesale,8686.48
51896,533,Wholesale,1978.94
51897,1965,Wholesale,8407.75
51898,221,Wholesale,9151.53
51899,1224,Wholesale,8695.6
51900,248,Wholesale,4388.06
51901,594,Wholesale,889.57
51902,915,Wholesale,2001.84
51903,263,Wholesale,4549.55
51904,2281,Wholesale,6037.61
51905,1965,Wholesale,6166.02
51906,2333,Wholesale,1063.9
51907,870,Wholesale,2542.95
51908,1369,Wholesale,5677.27
51909,1023,Wholesale,2363.54
51910,2639,Wholesale,5084.48
51911,1464,Wholesale,6579.62
51912,257,Wholesale,1088.96
51913,2817,Wholesale,9628.49
51914,368,Wholesale,2215.52
51915,2806,Wholesale,1618.51
51916,1546,Wholesale,1594.34
51917,1428,Wholesale,4314.23
51918,1541,Wholesale,1174.35
51919,1501,Wholesale,4353.71
51920,634,Wholesale,6007.2
51921,111,Wholesale,8585.21
51922,295,Wholesale,5674.59
51923,2504,Wholesale,8588.73
51924,1700,Wholesale,8124.25
51925,1388,Wholesale,8119.49
51926,1345,Wholesale,7292.86
51927,739,Wholesale,2216.76
51928,126,Wholesale,8213.06
51929,1075,Wholesale,3126.26
51930,2420,Wholesale,3691.92
51931,586,Wholesale,1669.88
51932,657,Wholesale,8160.37
51933,1007,Wholesale,2515.82
51934,1864,Wholesale,5695.74
51935,379,Wholesale,5625.33
51936,740,Wholesale,9469.88
51937,1600,Wholesale,8771.68
51938,2193,Wholesale,9862.71
51939,1342,Wholesale,6927.77
51940,2825,Wholesale,8474.2
51941,1634,Wholesale,4034.56
51942,403,Wholesale,1198.33
51943,299,Wholesale,8038.34
51944,1052,Wholesale,663.4
51945,269,Wholesale,4330.29
51946,1744,Wholesale,1575.64
51947,2368,Wholesale,4233.79
51948,2848,Wholesale,3716.02
51949,1915,Wholesale,1296.48
51950,907,Wholesale,8248.19
51951,962,Wholesale,8473.0
51952,1422,Wholesale,4440.42
51953,2626,Wholesale,7457.71
51954,246,Wholesale,9808.07
51955,1929,Wholesale,7814.16
51956,2850,Wholesale,5115.32
51957,1302,Wholesale,6502.4
51958,2084,Wholesale,818.9
51959,2327,Wholesale,5402.46
51960,2662,Wholesale,2566.94
51961,1839,Wholesale,1768.05
51962,1714,Wholesale,8164.69
51963,1444,Wholesale,2542.09
51964,1664,Wholesale,7023.47
51965,2679,Wholesale,9355.4
51966,2213,Wholesale,5801.78
51967,2011,Wholesale,1211.54
51968,937,Wholesale,7805.68
51969,2845,Wholesale,8688.21
51970,1301,Wholesale,5928.15
51971,797,Wholesale,6015.34
51972,2867,Wholesale,9885.41
51973,812,Wholesale,1383.71
51974,2234,Wholesale,2082.84
51975,1044,Wholesale,4182.72
51976,1635,Wholesale,646.43
51977,481,Wholesale,7687.12
51978,1720,Wholesale,8153.64
51979,1546,Wholesale,621.33
51980,1661,Wholesale,8835.95
51981,1354,Wholesale,5526.25
51982,255,Wholesale,5926.21
51983,281,Wholesale,615.09
51984,358,Wholesale,3913.35
51985,2243,Wholesale,1641.99
51986,742,Wholesale,4513.6
51987,203,Wholesale,3263.9
51988,1822,Wholesale,9852.76
51989,2842,Wholesale,5088.35
51990,442,Wholesale,3922.66
51991,2412,Wholesale,9462.62
51992,1214,Wholesale,9497.21
51993,1281,Wholesale,5470.76
51994,2860,Wholesale,8599.26
51995,799,Wholesale,4858.88
51996,383,Wholesale,7412.27
51997,1537,Wholesale,5982.63
51998,246,Wholesale,640.37
51999,72,Wholesale,5351.42
52000,1782,Wholesale,4738.38
52001,102,Wholesale,6432.06
52002,594,Wholesale,9542.63
52003,194,Wholesale,7410.41
52004,1458,Wholesale,7616.48
52005,1939,Wholesale,1961.76
52006,2168,Wholesale,5258.5
52007,1533,Wholesale,7398.76
52008,2498,Wholesale,7997.77
52009,2468,Wholesale,2128.13
52010,1188,Wholesale,9697.27
52011,698,Wholesale,5783.53
52012,665,Wholesale,9934.5
52013,2664,Wholesale,9057.0
52014,774,Wholesale,3470.45
52015,1687,Wholesale,8440.47
52016,520,Wholesale,2712.52
52017,537,Wholesale,9929.22
52018,456,Wholesale,9529.24
52019,134,Wholesale,2819.77
52020,256,Wholesale,1235.75
52021,592,Wholesale,2807.5
52022,1727,Wholesale,5924.39
52023,1673,Wholesale,4303.05
52024,2665,Wholesale,4574.76
52025,1341,Wholesale,540.05
52026,1266,Wholesale,1134.12
52027,2976,Wholesale,1951.42
52028,2001,Wholesale,2849.76
52029,1458,Wholesale,9132.13
52030,724,Wholesale,4110.46
52031,396,Wholesale,568.89
52032,182,Wholesale,7518.56
52033,1108,Wholesale,5431.8
52034,1303,Wholesale,9232.09
52035,551,Wholesale,5551.03
52036,1249,Wholesale,9203.02
52037,1136,Wholesale,6203.06
52038,2881,Wholesale,4302.02
52039,2004,Wholesale,983.17
52040,2490,Wholesale,2704.77
52041,787,Wholesale,3582.15
52042,2589,Wholesale,9517.09
52043,432,Wholesale,5354.44
52044,2691,Wholesale,2348.95
52045,1941,Wholesale,8084.13
52046,1228,Wholesale,4481.98
52047,119,Wholesale,9768.61
52048,2346,Wholesale,8335.14
52049,2441,Wholesale,3760.92
52050,1503,Wholesale,763.84
52051,860,Wholesale,8679.88
52052,1582,Wholesale,5865.99
52053,2688,Wholesale,2243.01
52054,249,Wholesale,979.55
52055,1794,Wholesale,9963.67
52056,2817,Wholesale,7416.04
52057,778,Wholesale,5260.85
52058,1026,Wholesale,2095.8
52059,1930,Wholesale,678.88
52060,647,Wholesale,7644.38
52061,118,Wholesale,4214.49
52062,2212,Wholesale,6981.13
52063,540,Wholesale,3065.06
52064,1207,Wholesale,4615.75
52065,2044,Wholesale,6397.32
52066,953,Wholesale,6529.38
52067,1106,Wholesale,3450.67
52068,178,Wholesale,6411.04
52069,317,Wholesale,7919.89
52070,1646,Wholesale,4795.85
52071,616,Wholesale,3121.28
52072,2696,Wholesale,7373.07
52073,665,Wholesale,7889.91
52074,1350,Wholesale,2154.87
52075,1325,Wholesale,5689.12
52076,1060,Wholesale,5642.75
52077,466,Wholesale,2658.59
52078,1987,Wholesale,9366.21
52079,353,Wholesale,522.87
52080,182,Wholesale,4965.5
52081,99,Wholesale,3988.14
52082,662,Wholesale,3108.06
52083,766,Wholesale,7541.64
52084,2069,Wholesale,710.07
52085,1451,Wholesale,3581.02
52086,284,Wholesale,5157.86
52087,63,Wholesale,9651.51
52088,284,Wholesale,1364.34
52089,2689,Wholesale,8303.63
52090,2123,Wholesale,3399.46
52091,212,Wholesale,7030.2
52092,1808,Wholesale,6631.47
52093,33,Wholesale,2720.05
52094,1409,Wholesale,978.49
52095,2649,Wholesale,7501.15
52096,1396,Wholesale,2968.2
52097,1607,Wholesale,4858.63
52098,2050,Wholesale,6344.04
52099,1934,Wholesale,9527.3
52100,1644,Wholesale,6488.18
52101,2190,Wholesale,9317.71
52102,1592,Wholesale,5915.98
52103,1220,Wholesale,1227.52
52104,1455,Wholesale,4011.17
52105,2964,Wholesale,9939.87
52106,2777,Wholesale,7256.01
52107,449,Wholesale,4796.8
52108,1802,Wholesale,5550.13
52109,2835,Wholesale,6301.04
52110,28,Wholesale,4334.12
52111,40,Wholesale,7930.56
52112,61,Wholesale,4174.66
52113,1579,Wholesale,1526.1
52114,1219,Wholesale,3962.6
52115,2517,Wholesale,1808.79
52116,843,Wholesale,4990.79
52117,646,Wholesale,9509.21
52118,961,Wholesale,8421.1
52119,2258,Wholesale,2715.74
52120,1174,Wholesale,4107.74
52121,329,Wholesale,4104.22
52122,915,Wholesale,7142.08
52123,1542,Wholesale,4502.06
52124,2107,Wholesale,4111.61
52125,667,Wholesale,5146.73
52126,16,Wholesale,2973.39
52127,1638,Wholesale,6803.11
52128,2481,Wholesale,4770.72
52129,2420,Wholesale,8472.73
52130,198,Wholesale,8878.18
52131,1856,Wholesale,7419.3
52132,2336,Wholesale,3006.62
52133,501,Wholesale,4454.98
52134,2022,Wholesale,5880.07
52135,2127,Wholesale,8203.88
52136,2740,Wholesale,2575.47
52137,252,Wholesale,5756.57
52138,292,Wholesale,2230.06
52139,1033,Wholesale,3129.74
52140,875,Wholesale,7124.88
52141,1104,Wholesale,6229.83
52142,2791,Wholesale,3096.35
52143,2981,Wholesale,5732.04
52144,1881,Wholesale,6243.15
52145,816,Wholesale,1384.21
52146,2656,Wholesale,5560.38
52147,2545,Wholesale,1204.95
52148,2948,Wholesale,2496.19
52149,1656,Wholesale,2663.57
52150,1085,Wholesale,5216.89
52151,65,Wholesale,3438.99
52152,1260,Wholesale,9559.3
52153,1507,Wholesale,7857.47
52154,579,Wholesale,6635.16
52155,814,Wholesale,6843.05
52156,936,Wholesale,1444.28
52157,2632,Wholesale,7482.69
52158,1516,Wholesale,2239.04
52159,1268,Wholesale,9730.99
52160,680,Wholesale,4805.73
52161,18,Wholesale,3071.31
52162,2831,Wholesale,8070.66
52163,1479,Wholesale,8567.81
52164,1134,Wholesale,4420.29
52165,1033,Wholesale,2503.34
52166,1583,Wholesale,3330.18
52167,115,Wholesale,7681.57
52168,2855,Wholesale,8256.71
52169,811,Wholesale,7212.41
52170,885,Wholesale,701.36
52171,80,Wholesale,5906.91
52172,2049,Wholesale,6915.77
52173,155,Wholesale,4058.17
52174,1231,Wholesale,7878.27
52175,2507,Wholesale,8179.79
52176,1862,Wholesale,3208.24
52177,2323,Wholesale,9325.47
52178,1626,Wholesale,4735.87
52179,2648,Wholesale,3690.0
52180,1453,Wholesale,8855.89
52181,2095,Wholesale,1290.03
52182,532,Wholesale,6796.42
52183,2422,Wholesale,7479.29
52184,1039,Wholesale,2986.16
52185,954,Wholesale,1838.45
52186,103,Wholesale,5936.73
52187,2794,Wholesale,6992.36
52188,1338,Wholesale,3511.04
52189,155,Wholesale,9752.46
52190,2584,Wholesale,3427.82
52191,1070,Wholesale,1289.91
52192,2181,Wholesale,2010.3
52193,972,Wholesale,900.35
52194,203,Wholesale,3989.46
52195,439,Wholesale,4649.18
52196,1263,Wholesale,2481.98
52197,485,Wholesale,5861.9
52198,858,Wholesale,4487.97
52199,1434,Wholesale,4124.03
52200,2239,Wholesale,4471.49
52201,518,Wholesale,9120.79
52202,2667,Wholesale,6312.63
52203,2752,Wholesale,2764.88
52204,1069,Wholesale,1280.09
52205,679,Wholesale,4676.55
52206,2031,Wholesale,9635.74
52207,1361,Wholesale,3295.3
52208,2246,Wholesale,6930.52
52209,422,Wholesale,2137.54
52210,444,Wholesale,2027.71
52211,936,Wholesale,4416.91
52212,1695,Wholesale,6242.79
52213,790,Wholesale,6284.73
52214,1056,Wholesale,5144.57
52215,2048,Wholesale,4373.28
52216,755,Wholesale,8488.87
52217,48,Wholesale,1788.67
52218,5,Wholesale,3485.26
52219,1342,Wholesale,7116.76
52220,451,Wholesale,1591.05
52221,432,Wholesale,733.35
52222,270,Wholesale,2199.34
52223,212,Wholesale,8138.49
52224,1309,Wholesale,2027.58
52225,1449,Wholesale,7520.49
52226,2512,Wholesale,3611.26
52227,1040,Wholesale,9737.58
52228,550,Wholesale,8084.26
52229,672,Wholesale,2629.56
52230,948,Wholesale,7592.94
52231,169,Wholesale,6235.46
52232,2654,Wholesale,5707.39
52233,1824,Wholesale,1887.82
52234,2018,Wholesale,3200.78
52235,1816,Wholesale,1768.13
52236,627,Wholesale,8250.4
52237,2602,Wholesale,1107.67
52238,1375,Wholesale,1653.38
52239,345,Wholesale,5263.54
52240,175,Wholesale,2157.95
52241,2317,Wholesale,1574.63
52242,2142,Wholesale,9859.18
52243,840,Wholesale,4716.6
52244,2873,Wholesale,4113.36
52245,2867,Wholesale,7406.45
52246,1395,Wholesale,2938.81
52247,528,Wholesale,2692.44
52248,995,Wholesale,4695.2
52249,1246,Wholesale,8350.77
52250,1796,Wholesale,6795.56
52251,1251,Wholesale,4538.68
52252,1318,Wholesale,6908.49
52253,988,Wholesale,8882.08
52254,283,Wholesale,1645.89
52255,159,Wholesale,9202.23
52256,1010,Wholesale,8343.09
52257,2414,Wholesale,1683.04
52258,2468,Wholesale,4942.39
52259,1163,Wholesale,8127.72
52260,1988,Wholesale,6289.92
52261,895,Wholesale,1721.08
52262,377,Wholesale,4321.88
52263,1987,Wholesale,6402.29
52264,1849,Wholesale,4266.68
52265,712,Wholesale,2368.74
52266,1503,Wholesale,6910.63
52267,2087,Wholesale,1891.58
52268,378,Wholesale,3382.31
52269,519,Wholesale,7508.81
52270,283,Wholesale,1846.72
52271,1084,Wholesale,545.28
52272,580,Wholesale,1761.94
52273,207,Wholesale,1938.68
52274,2061,Wholesale,2178.12
52275,708,Wholesale,5246.27
52276,1423,Wholesale,5177.35
52277,1765,Wholesale,3800.44
52278,2389,Wholesale,8166.17
52279,2956,Wholesale,8254.68
52280,1758,Wholesale,9063.6
52281,2194,Wholesale,4916.88
52282,1877,Wholesale,8961.11
52283,1889,Wholesale,6125.8
52284,40,Wholesale,5025.19
52285,669,Wholesale,9777.24
52286,2319,Wholesale,2289.22
52287,365,Wholesale,7799.76
52288,2350,Wholesale,5540.53
52289,2614,Wholesale,6164.83
52290,2907,Wholesale,6969.14
52291,1697,Wholesale,2483.38
52292,700,Wholesale,9091.69
52293,1520,Wholesale,4981.4
52294,2466,Wholesale,9363.32
52295,1377,Wholesale,8574.42
52296,958,Wholesale,6689.06
52297,1490,Wholesale,7183.99
52298,435,Wholesale,6047.02
52299,722,Wholesale,7490.35
52300,1753,Wholesale,3570.51
52301,1024,Wholesale,7841.9
52302,1632,Wholesale,2634.84
52303,194,Wholesale,8006.41
52304,2861,Wholesale,2198.22
52305,28,Wholesale,1986.8
52306,2247,Wholesale,1248.4
52307,68,Wholesale,4535.84
52308,1124,Wholesale,2318.07
52309,1450,Wholesale,7960.95
52310,2407,Wholesale,1696.51
52311,57,Wholesale,1051.45
52312,1984,Wholesale,1363.16
52313,967,Wholesale,2925.97
52314,604,Wholesale,1768.56
52315,2779,Wholesale,6394.49
52316,2578,Wholesale,5770.28
52317,2888,Wholesale,8353.46
52318,2355,Wholesale,8465.38
52319,2975,Wholesale,4663.17
52320,881,Wholesale,5806.25
52321,922,Wholesale,5077.92
52322,2142,Wholesale,5362.53
52323,2711,Wholesale,1938.22
52324,1709,Wholesale,9902.57
52325,601,Wholesale,6146.96
52326,1843,Wholesale,9122.04
52327,2771,Wholesale,1186.25
52328,1437,Wholesale,555.02
52329,2011,Wholesale,550.03
52330,632,Wholesale,4696.31
52331,2633,Wholesale,8889.75
52332,787,Wholesale,2201.31
52333,2218,Wholesale,7584.93
52334,2688,Wholesale,9551.02
52335,391,Wholesale,9852.86
52336,1903,Wholesale,5995.42
52337,890,Wholesale,6316.59
52338,402,Wholesale,7932.02
52339,2085,Wholesale,3571.94
52340,1935,Wholesale,4507.01
52341,1048,Wholesale,7753.63
52342,1203,Wholesale,9233.38
52343,2875,Wholesale,6815.57
52344,2329,Wholesale,9349.64
52345,2639,Wholesale,4882.01
52346,256,Wholesale,8451.09
52347,2707,Wholesale,2719.85
52348,2432,Wholesale,7435.95
52349,1774,Wholesale,6515.05
52350,2879,Wholesale,8559.07
52351,1352,Wholesale,1403.0
52352,593,Wholesale,5396.66
52353,2379,Wholesale,8278.36
52354,2344,Wholesale,8406.01
52355,2856,Wholesale,3798.81
52356,2237,Wholesale,2216.29
52357,185,Wholesale,1042.27
52358,2042,Wholesale,845.5
52359,747,Wholesale,964.1
52360,1730,Wholesale,8155.63
52361,1698,Wholesale,4935.79
52362,1930,Wholesale,9835.26
52363,694,Wholesale,4532.42
52364,1519,Wholesale,1474.93
52365,177,Wholesale,4910.6
52366,2968,Wholesale,8884.57
52367,937,Wholesale,3533.89
52368,841,Wholesale,754.18
52369,978,Wholesale,5977.58
52370,2636,Wholesale,6280.66
52371,976,Wholesale,6408.06
52372,1787,Wholesale,1172.45
52373,909,Wholesale,4449.86
52374,629,Wholesale,3900.88
52375,116,Wholesale,3869.01
52376,2716,Wholesale,5299.85
52377,2027,Wholesale,6120.41
52378,667,Wholesale,3466.67
52379,691,Wholesale,1117.9
52380,90,Wholesale,8902.27
52381,1902,Wholesale,7001.44
52382,1594,Wholesale,5431.91
52383,680,Wholesale,9303.19
52384,586,Wholesale,1939.36
52385,1229,Wholesale,8308.83
52386,2123,Wholesale,5066.68
52387,2547,Wholesale,8442.29
52388,469,Wholesale,1980.81
52389,1157,Wholesale,6678.73
52390,705,Wholesale,7683.63
52391,1193,Wholesale,5640.39
52392,2049,Wholesale,6601.55
52393,2595,Wholesale,4793.97
52394,2700,Wholesale,6543.9
52395,414,Wholesale,1527.53
52396,829,Wholesale,2175.15
52397,10,Wholesale,4609.75
52398,924,Wholesale,1100.02
52399,1869,Wholesale,7839.44
52400,1888,Wholesale,5270.67
52401,2414,Wholesale,7115.11
52402,2174,Wholesale,9928.12
52403,1805,Wholesale,1478.51
52404,2779,Wholesale,4735.04
52405,1460,Wholesale,2655.57
52406,1857,Wholesale,7542.83
52407,582,Wholesale,9689.17
52408,2926,Wholesale,9071.86
52409,2734,Wholesale,2201.35
52410,1877,Wholesale,8178.89
52411,1195,Wholesale,7652.36
52412,649,Wholesale,2167.2
52413,540,Wholesale,5030.45
52414,2367,Wholesale,8597.36
52415,649,Wholesale,602.83
52416,1287,Wholesale,8467.78
52417,2217,Wholesale,2053.61
52418,350,Wholesale,4842.97
52419,2577,Wholesale,2718.33
52420,2757,Wholesale,5948.01
52421,952,Wholesale,5938.26
52422,1262,Wholesale,8253.03
52423,1490,Wholesale,8683.99
52424,902,Wholesale,3144.39
52425,1039,Wholesale,5256.36
52426,324,Wholesale,6450.02
52427,1981,Wholesale,4700.46
52428,1971,Wholesale,2275.75
52429,1201,Wholesale,677.05
52430,2649,Wholesale,2577.3
52431,371,Wholesale,5022.9
52432,673,Wholesale,7102.49
52433,1592,Wholesale,9963.79
52434,1394,Wholesale,4518.65
52435,835,Wholesale,3067.33
52436,2276,Wholesale,3324.68
52437,2239,Wholesale,5333.2
52438,1277,Wholesale,4913.48
52439,487,Wholesale,7319.12
52440,2270,Wholesale,8296.22
52441,2367,Wholesale,4766.33
52442,780,Wholesale,4959.7
52443,1878,Wholesale,8029.22
52444,810,Wholesale,5155.87
52445,2510,Wholesale,5341.11
52446,1369,Wholesale,2352.16
52447,2275,Wholesale,8851.34
52448,1258,Wholesale,7707.61
52449,399,Wholesale,8620.26
52450,2846,Wholesale,2380.99
52451,1148,Wholesale,5401.73
52452,2245,Wholesale,4731.22
52453,2453,Wholesale,7902.43
52454,751,Wholesale,2304.51
52455,2050,Wholesale,3573.89
52456,815,Wholesale,6008.4
52457,1006,Wholesale,1006.13
52458,580,Wholesale,1804.53
52459,992,Wholesale,2457.02
52460,2050,Wholesale,9992.13
52461,1662,Wholesale,8029.57
52462,2844,Wholesale,1576.87
52463,2730,Wholesale,9948.88
52464,2795,Wholesale,8079.76
52465,543,Wholesale,1739.33
52466,2180,Wholesale,2862.07
52467,1460,Wholesale,9984.57
52468,1763,Wholesale,2867.17
52469,2749,Wholesale,6425.9
52470,1789,Wholesale,1295.96
52471,628,Wholesale,2092.57
52472,1553,Wholesale,2978.67
52473,639,Wholesale,4671.05
52474,271,Wholesale,9906.06
52475,2673,Wholesale,6108.76
52476,109,Wholesale,7112.39
52477,191,Wholesale,6123.13
52478,17,Wholesale,4698.02
52479,1700,Wholesale,9565.1
52480,1578,Wholesale,8566.45
52481,2494,Wholesale,1390.63
52482,248,Wholesale,6638.64
52483,2406,Wholesale,4321.68
52484,635,Wholesale,897.64
52485,2946,Wholesale,8147.25
52486,1729,Wholesale,6362.83
52487,825,Wholesale,4222.83
52488,1516,Wholesale,6359.92
52489,2795,Wholesale,2357.6
52490,2868,Wholesale,9734.73
52491,1776,Wholesale,6829.58
52492,1147,Wholesale,4913.72
52493,2739,Wholesale,6558.87
52494,2118,Wholesale,5118.67
52495,910,Wholesale,6562.29
52496,640,Wholesale,8976.84
52497,1835,Wholesale,5620.9
52498,895,Wholesale,4559.56
52499,188,Wholesale,778.94
52500,2562,Wholesale,6194.66
