ProductID,StockLevel,SupplierID,Status
1,611,59,Available
2,403,58,Available
3,867,5,Out of Stock
4,834,23,Out of Stock
5,241,62,Out of Stock
6,505,34,Available
7,784,80,Available
8,873,100,Out of Stock
9,745,28,Out of Stock
10,749,20,Available
11,143,95,Out of Stock
12,418,46,Out of Stock
13,165,50,Available
14,881,44,Available
15,822,95,Available
16,809,52,Available
17,433,59,Available
18,182,94,Out of Stock
19,693,64,Out of Stock
20,26,38,Available
21,364,11,Available
22,477,76,Out of Stock
23,114,17,Out of Stock
24,420,19,Available
25,508,55,Available
26,559,12,Out of Stock
27,725,23,Available
28,632,88,Out of Stock
29,230,49,Out of Stock
30,357,84,Available
31,723,15,Out of Stock
32,836,15,Available
33,669,29,Available
34,666,54,Out of Stock
35,389,32,Available
36,779,44,Out of Stock
37,813,98,Out of Stock
38,246,42,Out of Stock
39,351,15,Available
40,792,69,Available
41,197,100,Out of Stock
42,227,29,Available
43,80,87,Available
44,350,30,Out of Stock
45,447,70,Out of Stock
46,856,5,Out of Stock
47,526,6,Out of Stock
48,832,1,Out of Stock
49,140,78,Available
50,374,19,Out of Stock
51,342,80,Available
52,942,75,Out of Stock
53,315,31,Available
54,508,23,Available
55,815,74,Available
56,786,95,Available
57,636,36,Available
58,357,91,Available
59,551,54,Available
60,306,77,Available
61,797,38,Out of Stock
62,737,40,Available
63,304,13,Available
64,24,94,Available
65,724,93,Out of Stock
66,531,32,Out of Stock
67,610,64,Out of Stock
68,553,93,Available
69,946,94,Available
70,109,68,Available
71,622,34,Available
72,578,10,Available
73,40,27,Out of Stock
74,887,91,Out of Stock
75,261,72,Out of Stock
76,256,74,Available
77,934,31,Out of Stock
78,643,73,Available
79,402,99,Out of Stock
80,82,80,Out of Stock
81,262,28,Available
82,963,98,Out of Stock
83,700,33,Out of Stock
84,696,8,Out of Stock
85,957,60,Available
86,447,19,Out of Stock
87,689,7,Out of Stock
88,809,33,Out of Stock
89,814,9,Out of Stock
90,336,14,Out of Stock
91,256,10,Available
92,356,87,Out of Stock
93,147,29,Available
94,317,5,Out of Stock
95,741,17,Available
96,828,11,Available
97,908,33,Available
98,114,42,Out of Stock
99,946,42,Available
100,701,87,Available
101,908,92,Available
102,932,82,Out of Stock
103,11,78,Available
104,677,38,Out of Stock
105,607,57,Available
106,813,94,Out of Stock
107,244,36,Out of Stock
108,340,3,Out of Stock
109,867,38,Available
110,508,27,Out of Stock
111,361,40,Out of Stock
112,703,79,Available
113,405,70,Available
114,696,45,Out of Stock
115,233,64,Available
116,69,45,Available
117,668,85,Available
118,473,48,Available
119,648,21,Out of Stock
120,659,20,Out of Stock
121,96,54,Out of Stock
122,647,50,Available
123,109,17,Out of Stock
124,402,96,Out of Stock
125,802,14,Available
126,647,66,Out of Stock
127,54,86,Available
128,265,69,Available
129,39,47,Out of Stock
130,294,54,Out of Stock
131,807,45,Out of Stock
132,418,86,Available
133,292,24,Available
134,296,4,Available
135,88,50,Available
136,673,99,Available
137,971,44,Available
138,19,23,Available
139,48,72,Available
140,934,37,Available
141,379,57,Out of Stock
142,672,41,Out of Stock
143,675,4,Available
144,891,31,Available
145,202,66,Available
146,400,50,Out of Stock
147,648,74,Available
148,885,53,Out of Stock
149,901,100,Out of Stock
150,477,81,Out of Stock
151,370,23,Available
152,216,33,Out of Stock
153,154,86,Out of Stock
154,892,85,Available
155,213,8,Available
156,743,34,Available
157,95,5,Out of Stock
158,984,94,Out of Stock
159,755,98,Available
160,301,51,Out of Stock
161,815,76,Available
162,367,41,Out of Stock
163,182,46,Available
164,585,58,Available
165,159,12,Available
166,947,31,Out of Stock
167,702,23,Out of Stock
168,807,74,Available
169,529,82,Available
170,136,22,Out of Stock
171,516,89,Available
172,841,97,Out of Stock
173,851,35,Out of Stock
174,53,67,Available
175,880,36,Out of Stock
176,347,26,Out of Stock
177,873,34,Available
178,273,67,Available
179,983,74,Out of Stock
180,801,2,Available
181,360,3,Available
182,861,69,Out of Stock
183,372,16,Available
184,990,45,Out of Stock
185,42,80,Out of Stock
186,181,84,Available
187,829,95,Available
188,595,6,Out of Stock
189,900,26,Available
190,54,8,Out of Stock
191,36,27,Available
192,297,22,Out of Stock
193,888,20,Available
194,862,68,Out of Stock
195,759,33,Out of Stock
196,559,1,Available
197,581,96,Available
198,900,50,Available
199,320,85,Available
200,900,95,Available
201,798,90,Available
202,585,4,Available
203,369,35,Out of Stock
204,304,48,Available
205,443,42,Out of Stock
206,695,59,Available
207,22,72,Available
208,335,84,Available
209,131,40,Available
210,74,88,Available
211,115,36,Out of Stock
212,88,100,Out of Stock
213,814,6,Available
214,556,8,Available
215,562,31,Available
216,953,35,Out of Stock
217,954,72,Available
218,313,98,Available
219,928,51,Available
220,865,62,Out of Stock
221,820,76,Available
222,779,9,Available
223,867,31,Out of Stock
224,292,55,Available
225,696,6,Available
226,668,42,Out of Stock
227,136,34,Out of Stock
228,970,29,Out of Stock
229,12,18,Out of Stock
230,934,90,Available
231,968,27,Out of Stock
232,911,14,Out of Stock
233,804,54,Out of Stock
234,808,69,Out of Stock
235,349,8,Out of Stock
236,948,44,Available
237,40,67,Out of Stock
238,858,67,Available
239,3,27,Out of Stock
240,724,84,Available
241,375,31,Available
242,121,47,Out of Stock
243,641,57,Out of Stock
244,283,14,Available
245,322,12,Out of Stock
246,342,99,Available
247,478,14,Out of Stock
248,291,66,Available
249,483,32,Out of Stock
250,670,45,Out of Stock
251,620,72,Out of Stock
252,68,19,Out of Stock
253,93,83,Out of Stock
254,577,37,Available
255,107,31,Out of Stock
256,869,44,Out of Stock
257,281,21,Available
258,480,19,Out of Stock
259,79,6,Out of Stock
260,229,90,Out of Stock
261,446,47,Out of Stock
262,757,33,Available
263,237,55,Out of Stock
264,303,39,Available
265,410,79,Out of Stock
266,906,100,Out of Stock
267,857,61,Out of Stock
268,526,99,Out of Stock
269,605,28,Available
270,220,43,Out of Stock
271,597,73,Available
272,649,31,Out of Stock
273,991,61,Out of Stock
274,36,90,Available
275,638,77,Out of Stock
276,839,17,Out of Stock
277,601,29,Out of Stock
278,984,34,Out of Stock
279,577,47,Available
280,481,8,Out of Stock
281,458,25,Available
282,268,82,Available
283,469,34,Out of Stock
284,583,15,Out of Stock
285,307,31,Out of Stock
286,509,74,Out of Stock
287,415,79,Available
288,77,17,Out of Stock
289,804,28,Available
290,115,80,Out of Stock
291,236,13,Available
292,150,4,Out of Stock
293,55,30,Out of Stock
294,977,5,Out of Stock
295,590,15,Available
296,337,67,Available
297,365,9,Available
298,930,66,Out of Stock
299,496,26,Out of Stock
300,855,12,Out of Stock
301,122,76,Available
302,34,39,Out of Stock
303,468,3,Available
304,647,21,Out of Stock
305,946,62,Available
306,186,69,Out of Stock
307,417,74,Available
308,57,51,Available
309,877,27,Out of Stock
310,375,92,Available
311,427,10,Available
312,511,2,Out of Stock
313,22,15,Available
314,616,22,Out of Stock
315,897,34,Out of Stock
316,812,37,Available
317,880,94,Out of Stock
318,405,29,Out of Stock
319,624,86,Out of Stock
320,406,34,Out of Stock
321,281,98,Available
322,117,80,Available
323,61,6,Out of Stock
324,113,73,Available
325,499,50,Out of Stock
326,270,89,Out of Stock
327,949,88,Out of Stock
328,940,1,Available
329,131,76,Available
330,546,15,Available
331,496,19,Out of Stock
332,7,78,Available
333,738,25,Out of Stock
334,23,67,Available
335,175,47,Available
336,552,17,Out of Stock
337,539,91,Available
338,525,41,Available
339,183,46,Available
340,444,69,Available
341,174,25,Out of Stock
342,801,91,Available
343,11,25,Available
344,286,4,Available
345,75,97,Available
346,224,51,Available
347,737,88,Available
348,538,6,Out of Stock
349,679,15,Available
350,1000,41,Available
351,356,48,Available
352,341,6,Out of Stock
353,522,48,Available
354,166,62,Out of Stock
355,997,81,Out of Stock
356,101,79,Available
357,526,55,Out of Stock
358,753,72,Available
359,864,90,Out of Stock
360,162,12,Available
361,73,41,Out of Stock
362,106,50,Out of Stock
363,144,79,Out of Stock
364,520,15,Out of Stock
365,602,16,Available
366,581,65,Available
367,812,74,Out of Stock
368,634,40,Available
369,990,95,Available
370,487,87,Available
371,5,27,Available
372,182,18,Out of Stock
373,747,68,Available
374,910,17,Out of Stock
375,442,97,Out of Stock
376,387,82,Available
377,836,88,Available
378,553,91,Out of Stock
379,610,61,Out of Stock
380,565,97,Available
381,881,96,Out of Stock
382,628,9,Out of Stock
383,737,5,Out of Stock
384,962,93,Available
385,798,1,Out of Stock
386,435,52,Out of Stock
387,932,44,Out of Stock
388,141,57,Out of Stock
389,716,3,Available
390,133,99,Available
391,104,39,Out of Stock
392,730,58,Out of Stock
393,896,2,Available
394,689,79,Out of Stock
395,601,47,Out of Stock
396,731,72,Available
397,561,88,Available
398,895,27,Available
399,551,89,Out of Stock
400,399,97,Out of Stock
401,202,69,Out of Stock
402,81,29,Available
403,241,62,Out of Stock
404,286,37,Out of Stock
405,973,79,Out of Stock
406,158,64,Out of Stock
407,732,8,Available
408,767,34,Available
409,627,72,Available
410,6,24,Out of Stock
411,728,63,Available
412,321,25,Available
413,649,20,Out of Stock
414,694,33,Out of Stock
415,742,7,Available
416,50,7,Out of Stock
417,1,92,Out of Stock
418,127,67,Out of Stock
419,497,16,Available
420,576,68,Available
421,329,94,Out of Stock
422,423,96,Available
423,536,37,Available
424,127,44,Available
425,941,78,Out of Stock
426,497,79,Available
427,494,33,Out of Stock
428,170,28,Available
429,277,69,Available
430,731,22,Available
431,346,47,Available
432,894,84,Available
433,236,44,Available
434,560,81,Out of Stock
435,515,2,Available
436,136,22,Out of Stock
437,354,42,Out of Stock
438,198,28,Out of Stock
439,246,12,Out of Stock
440,500,36,Out of Stock
441,409,27,Out of Stock
442,614,11,Available
443,802,78,Available
444,768,42,Out of Stock
445,273,13,Out of Stock
446,667,75,Out of Stock
447,998,2,Out of Stock
448,14,54,Available
449,794,75,Available
450,910,23,Available
451,168,25,Out of Stock
452,349,24,Available
453,731,63,Out of Stock
454,145,44,Available
455,732,30,Out of Stock
456,489,41,Out of Stock
457,723,77,Out of Stock
458,629,93,Available
459,16,24,Available
460,539,52,Available
461,983,49,Out of Stock
462,662,28,Available
463,63,77,Available
464,791,49,Available
465,755,44,Out of Stock
466,253,90,Available
467,514,98,Available
468,428,83,Available
469,876,16,Out of Stock
470,937,8,Out of Stock
471,230,22,Available
472,856,98,Out of Stock
473,850,16,Available
474,306,53,Available
475,537,31,Out of Stock
476,369,8,Available
477,177,5,Out of Stock
478,329,73,Available
479,211,51,Available
480,171,81,Available
481,321,58,Available
482,955,64,Out of Stock
483,617,78,Out of Stock
484,862,21,Out of Stock
485,118,32,Out of Stock
486,950,61,Available
487,59,74,Available
488,588,29,Available
489,724,40,Available
490,650,77,Out of Stock
491,915,64,Out of Stock
492,168,83,Out of Stock
493,633,11,Out of Stock
494,451,100,Available
495,48,89,Available
496,880,2,Available
497,924,62,Out of Stock
498,795,10,Out of Stock
499,603,41,Available
500,311,78,Out of Stock
