{"SupplierID": 1, "SupplierName": "Supplier_1", "Performance": "Poor", "AvgDeliveryTime": 14.2}
{"SupplierID": 2, "SupplierName": "Supplier_2", "Performance": "Good", "AvgDeliveryTime": 7.41}
{"SupplierID": 3, "SupplierName": "Supplier_3", "Performance": "Average", "AvgDeliveryTime": 12.71}
{"SupplierID": 4, "SupplierName": "Supplier_4", "Performance": "Average", "AvgDeliveryTime": 1.04}
{"SupplierID": 5, "SupplierName": "Supplier_5", "Performance": "Excellent", "AvgDeliveryTime": 7.64}
{"SupplierID": 6, "SupplierName": "Supplier_6", "Performance": "Poor", "AvgDeliveryTime": 5.72}
{"SupplierID": 7, "SupplierName": "Supplier_7", "Performance": "Average", "AvgDeliveryTime": 1.91}
{"SupplierID": 8, "SupplierName": "Supplier_8", "Performance": "Excellent", "AvgDeliveryTime": 4.78}
{"SupplierID": 9, "SupplierName": "Supplier_9", "Performance": "Good", "AvgDeliveryTime": 4.21}
{"SupplierID": 10, "SupplierName": "Supplier_10", "Performance": "Good", "AvgDeliveryTime": 12.2}
{"SupplierID": 11, "SupplierName": "Supplier_11", "Performance": "Average", "AvgDeliveryTime": 13.72}
{"SupplierID": 12, "SupplierName": "Supplier_12", "Performance": "Excellent", "AvgDeliveryTime": 12.64}
{"SupplierID": 13, "SupplierName": "Supplier_13", "Performance": "Average", "AvgDeliveryTime": 3.15}
{"SupplierID": 14, "SupplierName": "Supplier_14", "Performance": "Average", "AvgDeliveryTime": 12.54}
{"SupplierID": 15, "SupplierName": "Supplier_15", "Performance": "Good", "AvgDeliveryTime": 13.88}
{"SupplierID": 16, "SupplierName": "Supplier_16", "Performance": "Average", "AvgDeliveryTime": 12.27}
{"SupplierID": 17, "SupplierName": "Supplier_17", "Performance": "Excellent", "AvgDeliveryTime": 3.53}
{"SupplierID": 18, "SupplierName": "Supplier_18", "Performance": "Good", "AvgDeliveryTime": 7.81}
{"SupplierID": 19, "SupplierName": "Supplier_19", "Performance": "Poor", "AvgDeliveryTime": 12.97}
{"SupplierID": 20, "SupplierName": "Supplier_20", "Performance": "Average", "AvgDeliveryTime": 9.22}
{"SupplierID": 21, "SupplierName": "Supplier_21", "Performance": "Poor", "AvgDeliveryTime": 3.38}
{"SupplierID": 22, "SupplierName": "Supplier_22", "Performance": "Average", "AvgDeliveryTime": 4.42}
{"SupplierID": 23, "SupplierName": "Supplier_23", "Performance": "Good", "AvgDeliveryTime": 8.52}
{"SupplierID": 24, "SupplierName": "Supplier_24", "Performance": "Good", "AvgDeliveryTime": 1.38}
{"SupplierID": 25, "SupplierName": "Supplier_25", "Performance": "Good", "AvgDeliveryTime": 6.59}
{"SupplierID": 26, "SupplierName": "Supplier_26", "Performance": "Poor", "AvgDeliveryTime": 10.43}
{"SupplierID": 27, "SupplierName": "Supplier_27", "Performance": "Good", "AvgDeliveryTime": 7.18}
{"SupplierID": 28, "SupplierName": "Supplier_28", "Performance": "Average", "AvgDeliveryTime": 1.73}
{"SupplierID": 29, "SupplierName": "Supplier_29", "Performance": "Excellent", "AvgDeliveryTime": 6.87}
{"SupplierID": 30, "SupplierName": "Supplier_30", "Performance": "Poor", "AvgDeliveryTime": 2.83}
{"SupplierID": 31, "SupplierName": "Supplier_31", "Performance": "Excellent", "AvgDeliveryTime": 13.22}
{"SupplierID": 32, "SupplierName": "Supplier_32", "Performance": "Average", "AvgDeliveryTime": 1.3}
{"SupplierID": 33, "SupplierName": "Supplier_33", "Performance": "Poor", "AvgDeliveryTime": 9.36}
{"SupplierID": 34, "SupplierName": "Supplier_34", "Performance": "Good", "AvgDeliveryTime": 11.3}
{"SupplierID": 35, "SupplierName": "Supplier_35", "Performance": "Good", "AvgDeliveryTime": 11.29}
{"SupplierID": 36, "SupplierName": "Supplier_36", "Performance": "Excellent", "AvgDeliveryTime": 12.3}
{"SupplierID": 37, "SupplierName": "Supplier_37", "Performance": "Excellent", "AvgDeliveryTime": 1.9}
{"SupplierID": 38, "SupplierName": "Supplier_38", "Performance": "Good", "AvgDeliveryTime": 1.78}
{"SupplierID": 39, "SupplierName": "Supplier_39", "Performance": "Good", "AvgDeliveryTime": 14.82}
{"SupplierID": 40, "SupplierName": "Supplier_40", "Performance": "Good", "AvgDeliveryTime": 3.22}
{"SupplierID": 41, "SupplierName": "Supplier_41", "Performance": "Average", "AvgDeliveryTime": 1.23}
{"SupplierID": 42, "SupplierName": "Supplier_42", "Performance": "Good", "AvgDeliveryTime": 14.52}
{"SupplierID": 43, "SupplierName": "Supplier_43", "Performance": "Good", "AvgDeliveryTime": 13.73}
{"SupplierID": 44, "SupplierName": "Supplier_44", "Performance": "Good", "AvgDeliveryTime": 10.77}
{"SupplierID": 45, "SupplierName": "Supplier_45", "Performance": "Excellent", "AvgDeliveryTime": 13.18}
{"SupplierID": 46, "SupplierName": "Supplier_46", "Performance": "Poor", "AvgDeliveryTime": 11.81}
{"SupplierID": 47, "SupplierName": "Supplier_47", "Performance": "Good", "AvgDeliveryTime": 14.8}
{"SupplierID": 48, "SupplierName": "Supplier_48", "Performance": "Average", "AvgDeliveryTime": 12.96}
{"SupplierID": 49, "SupplierName": "Supplier_49", "Performance": "Excellent", "AvgDeliveryTime": 7.79}
{"SupplierID": 50, "SupplierName": "Supplier_50", "Performance": "Poor", "AvgDeliveryTime": 7.55}
{"SupplierID": 51, "SupplierName": "Supplier_51", "Performance": "Excellent", "AvgDeliveryTime": 2.99}
{"SupplierID": 52, "SupplierName": "Supplier_52", "Performance": "Good", "AvgDeliveryTime": 3.65}
{"SupplierID": 53, "SupplierName": "Supplier_53", "Performance": "Excellent", "AvgDeliveryTime": 4.23}
{"SupplierID": 54, "SupplierName": "Supplier_54", "Performance": "Good", "AvgDeliveryTime": 7.22}
{"SupplierID": 55, "SupplierName": "Supplier_55", "Performance": "Good", "AvgDeliveryTime": 12.77}
{"SupplierID": 56, "SupplierName": "Supplier_56", "Performance": "Excellent", "AvgDeliveryTime": 12.89}
{"SupplierID": 57, "SupplierName": "Supplier_57", "Performance": "Excellent", "AvgDeliveryTime": 4.14}
{"SupplierID": 58, "SupplierName": "Supplier_58", "Performance": "Good", "AvgDeliveryTime": 13.59}
{"SupplierID": 59, "SupplierName": "Supplier_59", "Performance": "Average", "AvgDeliveryTime": 5.1}
{"SupplierID": 60, "SupplierName": "Supplier_60", "Performance": "Poor", "AvgDeliveryTime": 12.16}
{"SupplierID": 61, "SupplierName": "Supplier_61", "Performance": "Excellent", "AvgDeliveryTime": 4.51}
{"SupplierID": 62, "SupplierName": "Supplier_62", "Performance": "Good", "AvgDeliveryTime": 1.35}
{"SupplierID": 63, "SupplierName": "Supplier_63", "Performance": "Poor", "AvgDeliveryTime": 12.72}
{"SupplierID": 64, "SupplierName": "Supplier_64", "Performance": "Average", "AvgDeliveryTime": 9.59}
{"SupplierID": 65, "SupplierName": "Supplier_65", "Performance": "Good", "AvgDeliveryTime": 13.44}
{"SupplierID": 66, "SupplierName": "Supplier_66", "Performance": "Good", "AvgDeliveryTime": 3.48}
{"SupplierID": 67, "SupplierName": "Supplier_67", "Performance": "Excellent", "AvgDeliveryTime": 12.17}
{"SupplierID": 68, "SupplierName": "Supplier_68", "Performance": "Good", "AvgDeliveryTime": 11.16}
{"SupplierID": 69, "SupplierName": "Supplier_69", "Performance": "Excellent", "AvgDeliveryTime": 6.96}
{"SupplierID": 70, "SupplierName": "Supplier_70", "Performance": "Excellent", "AvgDeliveryTime": 13.76}
{"SupplierID": 71, "SupplierName": "Supplier_71", "Performance": "Poor", "AvgDeliveryTime": 5.61}
{"SupplierID": 72, "SupplierName": "Supplier_72", "Performance": "Poor", "AvgDeliveryTime": 3.93}
{"SupplierID": 73, "SupplierName": "Supplier_73", "Performance": "Excellent", "AvgDeliveryTime": 4.53}
{"SupplierID": 74, "SupplierName": "Supplier_74", "Performance": "Good", "AvgDeliveryTime": 14.93}
{"SupplierID": 75, "SupplierName": "Supplier_75", "Performance": "Average", "AvgDeliveryTime": 4.66}
{"SupplierID": 76, "SupplierName": "Supplier_76", "Performance": "Poor", "AvgDeliveryTime": 8.35}
{"SupplierID": 77, "SupplierName": "Supplier_77", "Performance": "Average", "AvgDeliveryTime": 10.7}
{"SupplierID": 78, "SupplierName": "Supplier_78", "Performance": "Good", "AvgDeliveryTime": 10.35}
{"SupplierID": 79, "SupplierName": "Supplier_79", "Performance": "Poor", "AvgDeliveryTime": 2.25}
{"SupplierID": 80, "SupplierName": "Supplier_80", "Performance": "Good", "AvgDeliveryTime": 10.29}
{"SupplierID": 81, "SupplierName": "Supplier_81", "Performance": "Good", "AvgDeliveryTime": 4.58}
{"SupplierID": 82, "SupplierName": "Supplier_82", "Performance": "Average", "AvgDeliveryTime": 11.36}
{"SupplierID": 83, "SupplierName": "Supplier_83", "Performance": "Good", "AvgDeliveryTime": 7.23}
{"SupplierID": 84, "SupplierName": "Supplier_84", "Performance": "Average", "AvgDeliveryTime": 9.83}
{"SupplierID": 85, "SupplierName": "Supplier_85", "Performance": "Excellent", "AvgDeliveryTime": 4.06}
{"SupplierID": 86, "SupplierName": "Supplier_86", "Performance": "Average", "AvgDeliveryTime": 6.55}
{"SupplierID": 87, "SupplierName": "Supplier_87", "Performance": "Average", "AvgDeliveryTime": 11.46}
{"SupplierID": 88, "SupplierName": "Supplier_88", "Performance": "Average", "AvgDeliveryTime": 14.52}
{"SupplierID": 89, "SupplierName": "Supplier_89", "Performance": "Excellent", "AvgDeliveryTime": 7.42}
{"SupplierID": 90, "SupplierName": "Supplier_90", "Performance": "Average", "AvgDeliveryTime": 11.51}
{"SupplierID": 91, "SupplierName": "Supplier_91", "Performance": "Average", "AvgDeliveryTime": 11.54}
{"SupplierID": 92, "SupplierName": "Supplier_92", "Performance": "Good", "AvgDeliveryTime": 7.49}
{"SupplierID": 93, "SupplierName": "Supplier_93", "Performance": "Good", "AvgDeliveryTime": 5.22}
{"SupplierID": 94, "SupplierName": "Supplier_94", "Performance": "Poor", "AvgDeliveryTime": 5.27}
{"SupplierID": 95, "SupplierName": "Supplier_95", "Performance": "Excellent", "AvgDeliveryTime": 11.01}
{"SupplierID": 96, "SupplierName": "Supplier_96", "Performance": "Good", "AvgDeliveryTime": 7.15}
{"SupplierID": 97, "SupplierName": "Supplier_97", "Performance": "Good", "AvgDeliveryTime": 5.35}
{"SupplierID": 98, "SupplierName": "Supplier_98", "Performance": "Poor", "AvgDeliveryTime": 14.08}
{"SupplierID": 99, "SupplierName": "Supplier_99", "Performance": "Average", "AvgDeliveryTime": 8.39}
{"SupplierID": 100, "SupplierName": "Supplier_100", "Performance": "Excellent", "AvgDeliveryTime": 10.86}
