LoanID,CustomerID,LoanAmount,InterestRate,Tenure,ApprovalStatus
1,563,134820.7,3.64,60,Approved
2,159,444845.74,12.38,12,Rejected
3,919,305123.12,11.17,24,Rejected
4,719,55901.2,3.67,36,Pending
5,951,197684.8,14.76,60,Rejected
6,116,47167.79,9.64,48,Rejected
7,365,291675.53,11.41,24,Pending
8,204,84116.52,3.32,12,Pending
9,329,433094.57,6.66,60,Approved
10,384,98847.7,6.96,60,Approved
11,603,177149.87,6.59,24,Pending
12,379,127222.3,14.4,24,Pending
13,672,298667.17,12.01,24,Rejected
14,164,197008.68,10.74,12,Rejected
15,928,389504.5,8.52,60,Approved
16,69,342253.13,9.24,36,Rejected
17,439,276286.24,10.06,24,Approved
18,835,438111.24,5.03,24,Pending
19,350,106231.73,13.76,48,Approved
20,491,378205.14,7.87,60,Pending
21,228,131247.9,3.37,36,Pending
22,728,35308.85,6.5,60,Rejected
23,967,153412.99,3.83,24,Approved
24,824,274462.41,12.73,12,Pending
25,939,284329.94,8.4,12,Pending
26,468,383935.23,5.3,24,Rejected
27,813,240182.33,8.2,12,Approved
28,900,381177.94,6.16,36,Approved
29,710,367581.44,10.66,48,Approved
30,2,391215.22,3.27,48,Approved
31,150,41225.76,12.84,36,Approved
32,199,151125.62,6.13,24,Pending
33,988,30655.39,11.74,48,Pending
34,679,226282.45,8.37,60,Pending
35,925,216460.63,4.0,60,Pending
36,647,239994.69,7.2,60,Rejected
37,359,387080.96,7.53,48,Rejected
38,304,25142.5,10.12,48,Pending
39,876,121091.71,6.09,36,Approved
40,18,309421.67,7.08,24,Rejected
41,968,73512.78,10.93,36,Approved
42,800,232152.05,5.0,24,Approved
43,858,48680.53,3.45,36,Approved
44,639,353193.11,8.23,36,Pending
45,292,241729.17,5.54,12,Approved
46,343,248956.68,10.51,12,Approved
47,930,472618.65,2.96,12,Approved
48,71,201497.89,12.86,24,Rejected
49,10,20211.35,2.91,48,Rejected
50,574,288051.2,5.11,36,Rejected
51,932,171450.73,8.2,60,Approved
52,226,162729.03,8.85,24,Rejected
53,504,447743.29,10.0,12,Rejected
54,585,204445.23,9.63,36,Rejected
55,249,485298.1,11.39,48,Pending
56,397,427266.57,10.98,24,Approved
57,24,438915.21,3.65,48,Pending
58,143,409556.97,7.6,36,Approved
59,798,261631.6,6.38,60,Rejected
60,271,429864.16,9.9,24,Pending
61,511,336556.22,6.13,12,Approved
62,706,440886.97,10.94,24,Approved
63,560,198605.87,3.12,36,Pending
64,765,191610.21,2.72,12,Pending
65,25,281941.78,6.72,24,Approved
66,508,439318.76,7.51,24,Pending
67,59,440158.58,11.2,24,Approved
68,328,449807.22,13.06,24,Rejected
69,613,357820.34,12.91,24,Approved
70,92,454001.88,3.21,12,Pending
71,54,265530.06,9.94,24,Approved
72,567,224466.8,3.92,12,Rejected
73,875,412855.1,14.59,24,Pending
74,660,491286.62,5.38,36,Approved
75,344,274158.79,14.29,24,Pending
76,700,30033.32,11.74,12,Rejected
77,724,114209.42,8.04,48,Approved
78,249,386305.64,7.42,60,Pending
79,26,258363.24,12.63,24,Approved
80,691,319418.77,9.0,36,Pending
81,311,391005.85,13.68,36,Rejected
82,868,6854.21,6.84,24,Approved
83,849,432266.25,3.6,36,Pending
84,562,473704.44,10.93,24,Approved
85,883,308372.1,8.71,24,Pending
86,459,311273.27,6.13,24,Approved
87,572,294342.13,4.06,36,Approved
88,684,213984.42,5.41,48,Pending
89,885,181209.24,2.86,12,Rejected
90,832,245481.77,8.49,12,Pending
91,508,241964.54,13.37,24,Pending
92,544,273632.94,14.48,48,Approved
93,443,274649.74,13.83,36,Approved
94,90,365711.31,7.46,24,Rejected
95,947,203751.47,9.9,24,Rejected
96,443,220315.76,8.93,60,Approved
97,584,351122.31,4.93,48,Approved
98,973,200610.89,12.71,24,Approved
99,564,458804.47,10.03,60,Pending
100,1,234580.78,9.76,24,Rejected
101,580,270053.02,4.19,36,Pending
102,489,242734.76,4.4,36,Pending
103,857,250522.76,6.2,60,Approved
104,935,280736.63,14.49,60,Approved
105,325,19516.49,3.41,36,Approved
106,792,223204.29,13.65,48,Rejected
107,495,277960.85,4.86,12,Approved
108,605,478846.74,13.29,48,Rejected
109,821,50942.22,9.16,12,Pending
110,117,421549.19,6.35,48,Approved
111,58,437153.54,7.01,12,Approved
112,736,303717.18,5.77,60,Pending
113,654,94568.78,14.35,60,Rejected
114,358,321528.74,14.91,24,Pending
115,18,388101.01,9.87,12,Approved
116,105,366887.77,4.37,12,Approved
117,660,256052.01,12.95,12,Rejected
118,282,89603.1,11.93,12,Rejected
119,678,323348.35,6.81,24,Approved
120,233,426236.13,7.6,24,Approved
121,650,282592.77,7.31,12,Approved
122,802,476351.67,10.49,12,Approved
123,832,134531.22,4.66,48,Pending
124,728,214619.9,5.74,60,Rejected
125,373,123412.92,14.31,36,Approved
126,715,405441.37,8.69,12,Pending
127,781,142159.28,7.39,60,Rejected
128,923,206963.34,12.21,48,Rejected
129,51,361578.75,9.28,48,Approved
130,371,324740.91,5.66,36,Approved
131,261,168501.65,3.32,48,Pending
132,440,448680.11,14.69,48,Rejected
133,950,437629.21,4.98,36,Pending
134,204,394341.71,9.52,24,Pending
135,963,463780.39,10.69,48,Pending
136,164,428064.62,12.9,24,Rejected
137,402,415785.84,8.97,24,Approved
138,31,431034.96,12.64,48,Rejected
139,538,238144.78,14.05,60,Rejected
140,250,83738.71,13.55,48,Pending
141,575,113129.32,12.86,36,Rejected
142,250,436277.43,11.61,60,Pending
143,346,433927.69,2.9,12,Pending
144,810,156272.78,12.5,36,Pending
145,33,299960.95,9.15,48,Rejected
146,170,367744.1,2.6,48,Approved
147,288,90246.59,14.82,60,Approved
148,581,27610.81,8.34,24,Pending
149,502,453957.8,13.06,60,Rejected
150,277,319293.43,14.03,12,Approved
151,576,463061.18,3.29,24,Rejected
152,573,496439.35,3.87,12,Pending
153,136,346118.19,10.45,36,Rejected
154,24,330677.14,14.49,12,Rejected
155,215,174991.75,13.56,24,Rejected
156,611,136087.51,11.05,24,Approved
157,769,248278.06,13.23,36,Approved
158,81,399756.18,11.56,12,Approved
159,146,123305.3,6.91,12,Rejected
160,890,87600.56,6.97,48,Rejected
161,153,277923.53,13.01,48,Approved
162,826,335579.77,3.89,12,Pending
163,373,250475.54,9.11,60,Pending
164,694,178298.18,6.16,12,Rejected
165,648,379516.5,14.71,60,Pending
166,83,294377.16,6.55,12,Rejected
167,682,451429.16,6.31,36,Rejected
168,774,343710.25,11.11,12,Rejected
169,139,239583.62,9.3,12,Rejected
170,467,103899.19,8.03,48,Approved
171,864,74496.62,3.59,36,Rejected
172,384,481844.74,11.49,24,Rejected
173,264,442070.24,4.67,48,Approved
174,527,132481.59,3.98,48,Rejected
175,164,11987.23,10.27,12,Rejected
176,585,120850.48,10.04,48,Approved
177,21,396099.31,5.44,60,Pending
178,345,475161.09,7.95,48,Approved
179,319,171115.49,11.4,60,Pending
180,553,75705.14,12.76,48,Rejected
181,234,339965.89,3.75,24,Approved
182,288,391914.09,12.85,60,Pending
183,544,478848.52,6.36,36,Approved
184,674,149417.41,4.4,24,Rejected
185,623,408875.53,7.51,36,Approved
186,880,341363.34,9.41,24,Approved
187,253,131399.09,8.39,36,Rejected
188,388,235946.34,10.08,12,Approved
189,736,168961.53,9.88,36,Pending
190,265,101070.84,3.56,24,Pending
191,307,128122.14,13.54,36,Approved
192,938,398794.98,13.58,24,Pending
193,600,244485.45,3.98,12,Rejected
194,17,206960.11,11.04,12,Pending
195,959,236511.24,4.08,36,Approved
196,932,228697.67,13.22,60,Approved
197,863,216543.55,11.07,12,Pending
198,55,366921.37,8.61,60,Approved
199,161,53485.36,9.37,48,Pending
200,922,42380.43,6.53,24,Pending
201,472,220398.99,8.55,12,Rejected
202,141,284615.62,11.03,48,Approved
203,453,323517.31,6.83,60,Pending
204,634,421041.32,3.51,24,Approved
205,261,140711.2,3.14,24,Approved
206,135,389176.3,7.22,60,Approved
207,574,249711.79,10.16,24,Pending
208,963,158290.9,6.83,12,Approved
209,609,161523.14,7.5,48,Approved
210,244,326044.14,3.09,12,Pending
211,800,360819.16,5.07,48,Pending
212,707,232322.92,6.85,12,Pending
213,729,363182.68,5.5,48,Pending
214,518,52647.84,3.44,24,Pending
215,681,70420.42,4.66,12,Rejected
216,103,125623.77,6.01,12,Approved
217,559,158699.67,4.36,12,Approved
218,549,330479.3,4.61,24,Approved
219,33,386619.38,11.75,12,Pending
220,397,263871.08,11.55,48,Approved
221,426,421342.57,5.47,60,Pending
222,684,341709.5,10.61,48,Approved
223,756,193285.93,2.66,60,Pending
224,724,156596.99,8.58,48,Approved
225,48,26157.16,6.92,12,Rejected
226,716,360049.33,12.26,48,Approved
227,468,61499.25,5.52,60,Rejected
228,893,398167.14,12.43,60,Pending
229,329,56578.78,5.21,12,Pending
230,381,45058.85,3.88,60,Approved
231,638,136091.54,10.53,36,Rejected
232,958,184867.47,10.07,24,Pending
233,405,175337.99,7.37,12,Pending
234,191,229492.17,8.73,24,Rejected
235,457,368508.97,12.64,60,Pending
236,426,376291.36,13.08,24,Pending
237,363,203392.04,4.18,48,Rejected
238,946,389298.84,9.3,12,Rejected
239,373,249737.34,8.23,24,Pending
240,867,426775.9,8.47,36,Approved
241,170,366072.12,5.22,36,Pending
242,390,480900.32,6.27,48,Rejected
243,181,249648.34,5.06,24,Approved
244,304,475956.9,3.88,48,Rejected
245,798,52897.35,6.23,12,Rejected
246,191,151283.19,5.33,60,Rejected
247,545,369875.37,5.09,48,Rejected
248,491,18470.51,5.63,36,Rejected
249,552,488593.91,7.34,60,Rejected
250,950,15814.5,7.22,60,Approved
251,4,19011.87,9.27,48,Pending
252,618,460664.39,5.35,24,Pending
253,864,43985.18,6.81,24,Pending
254,975,76758.59,14.44,60,Approved
255,678,323705.29,8.53,12,Rejected
256,338,301163.51,6.0,12,Rejected
257,52,191674.58,14.21,24,Pending
258,97,45568.23,8.15,24,Pending
259,161,143979.08,4.05,24,Approved
260,90,270554.41,8.08,60,Rejected
261,668,31447.02,12.84,36,Pending
262,459,265281.04,11.61,60,Pending
263,259,417152.23,8.46,36,Pending
264,630,227153.87,10.0,36,Approved
265,953,434783.16,3.83,12,Approved
266,286,275411.21,7.62,36,Rejected
267,365,260807.94,3.69,60,Pending
268,679,55492.71,14.26,12,Rejected
269,79,248795.43,10.4,36,Rejected
270,883,125410.72,14.91,24,Approved
271,173,300206.95,14.76,36,Rejected
272,460,409898.17,11.81,48,Approved
273,429,300358.33,10.11,24,Rejected
274,936,282474.09,3.39,60,Approved
275,539,427208.07,11.38,60,Pending
276,55,199022.11,14.73,24,Pending
277,49,61345.18,5.09,12,Rejected
278,79,215879.03,8.67,24,Pending
279,713,90011.57,7.36,24,Rejected
280,944,64664.5,12.97,12,Rejected
281,629,431186.5,6.62,60,Approved
282,773,424702.94,6.38,60,Approved
283,249,240729.7,4.54,36,Pending
284,303,188927.9,12.21,60,Approved
285,350,348948.07,13.8,24,Pending
286,613,458949.29,9.35,12,Approved
287,494,426052.64,14.99,24,Pending
288,648,81292.94,13.88,36,Approved
289,449,405317.38,3.37,60,Pending
290,758,96206.78,9.47,12,Pending
291,757,422306.15,13.79,36,Rejected
292,889,213381.06,4.74,12,Pending
293,187,354800.87,7.57,12,Approved
294,713,273290.0,5.42,60,Rejected
295,367,132812.96,12.81,60,Rejected
296,326,120708.32,6.42,24,Approved
297,618,124968.91,13.68,48,Pending
298,410,263051.64,11.71,60,Approved
299,667,295635.92,11.2,36,Rejected
300,904,395188.66,9.23,24,Pending
301,285,457759.89,2.9,60,Pending
302,888,92041.79,3.85,48,Pending
303,796,446557.48,6.61,12,Rejected
304,411,256570.03,3.33,24,Approved
305,987,312741.53,4.9,48,Rejected
306,30,241718.43,4.2,48,Pending
307,232,354773.15,14.68,24,Rejected
308,136,326975.84,10.58,36,Approved
309,705,310281.04,13.49,24,Approved
310,422,338486.13,5.57,24,Rejected
311,321,157727.87,2.68,60,Approved
312,665,396496.82,6.13,24,Rejected
313,780,486151.88,13.41,36,Approved
314,686,492698.63,2.89,36,Approved
315,828,419208.1,7.1,60,Rejected
316,450,208619.61,11.27,12,Approved
317,685,369240.12,7.82,12,Rejected
318,427,494898.23,2.6,60,Rejected
319,106,157920.01,6.89,60,Pending
320,635,354807.23,13.72,48,Approved
321,328,158967.8,10.45,36,Rejected
322,96,343766.71,10.29,60,Approved
323,395,430738.57,10.84,12,Approved
324,659,103818.83,7.29,60,Rejected
325,186,375927.72,9.92,24,Approved
326,650,478621.06,5.52,48,Pending
327,391,219227.2,10.8,48,Pending
328,178,388807.03,9.62,24,Approved
329,551,194943.07,9.61,12,Approved
330,641,412246.47,12.28,24,Pending
331,694,13040.08,10.26,24,Rejected
332,130,143819.13,10.39,24,Rejected
333,3,192380.62,10.92,60,Pending
334,193,138728.66,4.89,36,Pending
335,530,271704.99,5.38,24,Rejected
336,214,238956.71,3.78,60,Rejected
337,447,451752.29,5.68,12,Pending
338,446,389142.82,7.02,36,Approved
339,292,128299.24,9.53,48,Pending
340,968,71107.64,6.62,12,Rejected
341,276,106080.2,12.76,12,Pending
342,883,176961.08,14.68,60,Pending
343,926,468293.66,12.59,36,Pending
344,279,440173.28,14.01,12,Approved
345,583,216325.4,13.8,48,Rejected
346,335,108717.0,10.01,48,Rejected
347,337,27176.78,8.22,60,Pending
348,207,7242.46,12.03,60,Rejected
349,281,72505.25,8.86,48,Approved
350,957,141011.99,6.06,60,Pending
351,412,335146.19,8.95,48,Rejected
352,461,296576.21,10.14,36,Rejected
353,17,207248.59,3.83,12,Rejected
354,599,30487.68,13.08,60,Rejected
355,930,45607.56,2.83,24,Pending
356,267,399078.28,14.39,48,Approved
357,345,199133.55,12.87,48,Rejected
358,746,166267.22,10.66,12,Pending
359,746,255065.68,14.3,12,Rejected
360,504,332782.25,5.76,24,Approved
361,291,348675.65,14.62,36,Pending
362,909,321632.32,7.94,60,Rejected
363,20,442056.99,14.9,36,Rejected
364,778,455118.89,10.57,48,Rejected
365,878,355167.7,12.39,24,Rejected
366,352,158879.0,4.2,36,Approved
367,815,282690.09,3.4,60,Pending
368,172,450256.79,12.52,12,Rejected
369,982,21479.8,4.13,12,Pending
370,880,124155.14,6.55,48,Rejected
371,763,90352.68,7.2,36,Pending
372,809,40315.7,7.64,24,Pending
373,663,147323.44,5.56,48,Pending
374,890,30626.48,7.32,36,Pending
375,360,114263.68,11.5,12,Approved
376,789,44335.86,12.05,48,Pending
377,592,191799.39,6.67,60,Pending
378,214,5759.23,6.17,60,Rejected
379,151,453742.86,13.8,48,Rejected
380,359,264469.53,11.99,12,Approved
381,397,167136.21,4.33,24,Pending
382,433,111737.81,6.3,36,Approved
383,644,299591.05,7.54,60,Rejected
384,766,370681.02,5.56,12,Pending
385,74,338761.29,4.38,24,Rejected
386,451,341415.63,3.61,12,Rejected
387,904,113821.22,4.05,48,Rejected
388,287,433861.55,8.26,48,Approved
389,692,209670.84,4.2,24,Rejected
390,456,271400.47,11.21,60,Pending
391,924,455197.43,13.94,60,Rejected
392,834,250469.48,12.29,36,Pending
393,280,343648.48,10.63,36,Pending
394,730,170469.73,9.84,24,Rejected
395,768,232549.42,5.67,12,Approved
396,488,197700.23,7.75,48,Rejected
397,26,136243.52,4.38,48,Rejected
398,479,180572.28,6.35,48,Rejected
399,205,152533.55,3.45,48,Approved
400,668,389593.08,3.24,60,Approved
401,808,20997.52,11.47,60,Rejected
402,757,21581.08,7.61,48,Rejected
403,744,255589.12,5.53,36,Pending
404,270,174985.61,9.07,36,Pending
405,673,214219.88,5.58,24,Approved
406,886,340032.82,14.27,48,Approved
407,647,343351.46,13.94,12,Approved
408,267,235875.45,13.19,60,Pending
409,81,39719.09,11.7,36,Pending
410,772,334509.05,12.81,12,Approved
411,615,346270.26,9.97,60,Pending
412,754,202555.6,6.43,12,Approved
413,561,55392.15,13.58,60,Approved
414,767,481022.5,12.34,36,Rejected
415,437,42867.89,11.63,48,Rejected
416,436,462041.82,8.88,48,Pending
417,499,336120.14,6.01,48,Pending
418,598,208746.33,10.89,48,Pending
419,907,77894.31,10.18,36,Pending
420,137,187585.75,6.79,60,Pending
421,384,13304.05,10.52,12,Rejected
422,736,86215.28,5.41,24,Approved
423,748,94337.92,11.3,48,Rejected
424,931,146457.46,2.72,36,Rejected
425,697,124774.73,9.19,24,Approved
426,69,130421.54,6.93,24,Approved
427,545,197332.14,2.9,48,Rejected
428,462,434469.36,5.17,60,Approved
429,260,229622.56,11.76,36,Approved
430,268,230327.55,13.31,24,Approved
431,193,167020.61,5.78,12,Approved
432,953,449109.76,13.42,24,Pending
433,232,392630.07,8.51,24,Rejected
434,85,270948.93,11.85,48,Rejected
435,318,463207.23,13.31,48,Rejected
436,98,105874.55,14.62,36,Approved
437,518,338786.42,2.61,36,Pending
438,383,101819.71,13.76,48,Rejected
439,548,408283.81,6.87,60,Pending
440,795,271292.35,10.47,12,Rejected
441,564,303147.12,6.8,60,Pending
442,60,405378.73,9.03,12,Approved
443,995,498989.76,14.74,36,Rejected
444,828,261820.47,13.59,12,Rejected
445,472,175855.11,10.26,24,Pending
446,211,471519.7,3.71,24,Rejected
447,546,382291.28,9.65,60,Pending
448,784,25320.9,3.19,24,Pending
449,67,410466.5,13.33,24,Rejected
450,131,353270.83,14.78,24,Rejected
451,937,82708.17,11.11,36,Pending
452,475,373558.59,5.53,12,Pending
453,754,462251.77,4.67,60,Rejected
454,159,238730.04,4.91,12,Approved
455,303,363245.89,3.6,24,Approved
456,341,441913.65,6.95,24,Approved
457,976,36072.04,5.29,24,Approved
458,828,157119.36,2.63,48,Pending
459,91,337500.73,3.75,12,Pending
460,910,371499.01,7.01,60,Rejected
461,680,385186.68,6.5,48,Pending
462,860,355420.61,5.47,36,Rejected
463,908,155270.04,12.29,24,Pending
464,606,53648.86,7.58,60,Pending
465,274,173915.38,3.19,36,Pending
466,85,467793.13,13.97,12,Approved
467,430,485990.99,13.97,48,Pending
468,390,346560.75,3.67,12,Pending
469,745,265585.97,4.16,36,Approved
470,820,371326.44,7.56,24,Rejected
471,845,254211.61,4.07,12,Pending
472,831,252114.57,14.1,48,Approved
473,666,392171.15,12.95,60,Rejected
474,978,77275.25,9.11,36,Rejected
475,587,400817.32,11.36,12,Approved
476,354,286508.02,4.24,36,Rejected
477,133,381231.37,9.39,48,Approved
478,721,104612.19,4.32,12,Pending
479,677,234334.78,13.07,60,Rejected
480,631,249206.16,4.11,24,Pending
481,475,469941.43,4.31,36,Approved
482,303,170665.17,13.76,12,Rejected
483,694,497945.45,13.56,12,Pending
484,953,77972.83,10.4,60,Rejected
485,17,403976.74,3.05,60,Approved
486,178,396690.98,12.9,36,Approved
487,429,392671.95,13.09,48,Rejected
488,462,477536.58,7.49,60,Rejected
489,43,360418.47,2.79,12,Pending
490,515,486165.92,9.81,36,Rejected
491,402,481653.71,5.74,12,Approved
492,923,197519.74,10.34,36,Rejected
493,825,71595.92,8.94,48,Pending
494,521,463739.3,8.03,48,Rejected
495,436,350142.2,13.89,60,Pending
496,850,122639.22,5.08,12,Rejected
497,663,68348.59,14.09,60,Approved
498,906,48651.19,3.72,24,Pending
499,392,9515.15,5.99,60,Rejected
500,682,377851.94,13.78,12,Pending
501,631,12634.78,8.86,24,Rejected
502,125,381164.35,11.63,60,Pending
503,817,495212.57,6.53,24,Pending
504,173,475615.52,9.62,36,Approved
505,604,357092.47,4.03,48,Pending
506,749,28650.92,7.02,36,Rejected
507,132,282593.15,9.86,12,Pending
508,419,239744.9,10.5,60,Rejected
509,747,114426.02,10.72,48,Rejected
510,9,404875.05,5.7,60,Pending
511,414,408272.78,9.11,48,Rejected
512,390,345939.45,4.37,24,Rejected
513,793,333448.74,10.78,24,Approved
514,539,453585.44,11.46,12,Approved
515,540,113075.23,5.57,24,Approved
516,448,449647.5,8.93,48,Pending
517,745,152522.9,14.28,48,Rejected
518,929,207704.59,8.69,12,Pending
519,972,202615.71,6.55,60,Approved
520,492,486915.18,11.68,60,Rejected
521,851,289546.53,6.68,12,Approved
522,366,319908.29,3.51,48,Rejected
523,919,175583.4,12.34,36,Pending
524,644,83527.16,8.79,60,Rejected
525,282,271037.28,8.22,36,Approved
526,991,344486.46,11.32,36,Pending
527,396,343532.59,14.78,24,Rejected
528,455,164999.12,4.0,12,Pending
529,634,249044.79,5.71,24,Rejected
530,628,206098.28,12.34,12,Rejected
531,798,322456.42,6.38,12,Pending
532,413,223096.86,9.99,24,Pending
533,9,457189.9,3.12,24,Rejected
534,755,254636.82,4.8,12,Rejected
535,804,99877.27,2.97,36,Pending
536,487,327842.8,4.44,36,Approved
537,130,264541.13,11.99,24,Rejected
538,791,333095.16,4.59,48,Rejected
539,567,29165.84,10.36,36,Rejected
540,671,348608.13,14.44,60,Approved
541,282,9012.8,5.05,36,Pending
542,6,40634.79,13.18,24,Rejected
543,766,124795.36,12.43,60,Rejected
544,410,493448.46,8.57,36,Rejected
545,268,139919.99,13.51,36,Approved
546,600,81349.33,7.41,60,Rejected
547,497,428617.07,14.14,48,Pending
548,718,73204.13,4.2,36,Pending
549,212,200568.43,11.21,36,Pending
550,588,36168.42,9.99,24,Pending
551,544,411400.77,6.86,48,Pending
552,642,463115.94,4.42,60,Rejected
553,756,26074.0,14.76,36,Rejected
554,740,443603.11,12.31,24,Pending
555,252,431143.21,10.92,48,Rejected
556,896,163412.67,4.23,24,Rejected
557,187,211308.57,5.22,60,Rejected
558,408,241457.79,8.9,36,Pending
559,405,6251.21,9.51,12,Rejected
560,851,174979.97,10.83,60,Pending
561,584,469388.41,10.09,12,Rejected
562,495,190448.93,3.36,60,Pending
563,705,142281.71,3.7,36,Pending
564,800,86779.62,5.08,12,Rejected
565,940,141418.36,9.27,60,Pending
566,779,126045.91,12.26,36,Pending
567,585,240555.02,8.0,48,Rejected
568,389,391165.32,9.78,12,Rejected
569,20,184014.15,6.29,60,Rejected
570,665,397926.8,5.13,36,Approved
571,785,218795.14,8.38,48,Approved
572,345,430612.59,12.51,24,Approved
573,744,6323.08,9.78,60,Approved
574,499,205433.09,14.37,24,Rejected
575,886,60713.88,5.13,60,Rejected
576,478,66869.74,3.14,12,Approved
577,127,475124.58,10.54,48,Rejected
578,880,118214.51,6.1,36,Approved
579,680,40519.49,13.68,36,Pending
580,550,244459.52,4.66,36,Rejected
581,986,252738.35,7.52,12,Approved
582,351,138829.93,14.58,48,Rejected
583,98,199786.42,6.61,36,Rejected
584,220,311689.38,6.43,24,Approved
585,550,186525.68,7.16,60,Approved
586,855,388747.26,11.87,36,Rejected
587,765,300913.3,12.91,36,Pending
588,101,328542.45,7.53,24,Pending
589,792,454996.25,10.35,12,Approved
590,421,87983.91,5.17,36,Rejected
591,2,153788.59,8.31,36,Rejected
592,827,298487.0,14.7,12,Rejected
593,748,489640.9,10.87,48,Pending
594,829,404285.31,11.17,36,Approved
595,570,177903.24,6.49,36,Approved
596,531,357869.61,8.74,36,Rejected
597,732,384458.69,2.96,48,Approved
598,196,306199.14,7.35,12,Approved
599,472,177227.63,10.97,12,Approved
600,449,376103.81,14.25,48,Pending
601,810,324871.85,9.68,48,Pending
602,443,351860.91,4.73,60,Rejected
603,322,341552.51,7.47,24,Approved
604,768,400072.63,9.73,24,Pending
605,563,386471.97,14.04,48,Rejected
606,412,340043.68,6.91,24,Rejected
607,499,499929.3,7.1,36,Pending
608,540,299201.45,3.07,12,Rejected
609,132,70755.51,9.23,36,Approved
610,991,110747.44,12.51,12,Approved
611,627,8614.17,5.9,12,Pending
612,480,455833.91,6.37,48,Pending
613,318,487912.43,5.33,48,Pending
614,946,116382.89,8.5,60,Rejected
615,453,385469.63,13.56,36,Pending
616,987,16061.61,11.29,12,Pending
617,53,457515.63,10.92,24,Rejected
618,793,316300.71,13.04,60,Approved
619,400,413059.22,8.92,36,Approved
620,972,495872.99,7.69,48,Pending
621,969,135886.19,12.23,12,Approved
622,908,255757.05,12.04,48,Rejected
623,962,293720.61,3.61,24,Pending
624,132,478672.46,12.46,24,Approved
625,271,315178.38,4.58,24,Rejected
626,85,462020.09,9.82,60,Pending
627,826,489332.72,13.04,60,Rejected
628,404,488489.13,11.98,48,Rejected
629,645,316412.17,7.22,36,Pending
630,220,94527.42,11.08,36,Rejected
631,294,462644.49,3.87,12,Pending
632,546,334537.7,12.06,36,Approved
633,219,194113.03,8.13,60,Approved
634,704,172373.07,3.22,60,Pending
635,659,272238.12,11.13,24,Rejected
636,858,475853.74,7.86,36,Approved
637,550,390404.19,5.99,48,Approved
638,267,194090.91,4.18,12,Approved
639,268,332628.54,5.55,24,Rejected
640,274,487514.89,13.74,12,Approved
641,454,88647.06,5.09,48,Approved
642,201,5801.62,8.52,48,Rejected
643,480,454429.13,3.08,60,Approved
644,432,332393.12,8.54,12,Pending
645,243,388862.41,7.22,60,Rejected
646,3,244175.51,10.68,12,Pending
647,427,96843.18,3.67,24,Approved
648,289,275072.07,13.07,48,Pending
649,51,330101.49,3.79,48,Pending
650,228,27134.47,13.58,24,Rejected
651,866,152199.65,6.61,48,Rejected
652,630,217552.86,6.23,60,Pending
653,86,203632.63,6.54,24,Pending
654,699,15114.41,12.31,36,Pending
655,34,482801.78,11.49,48,Pending
656,16,118586.69,4.13,12,Pending
657,985,300110.61,11.03,12,Pending
658,71,370009.5,7.17,60,Approved
659,193,201567.49,9.31,60,Rejected
660,476,477469.91,8.28,24,Approved
661,984,169396.35,5.58,60,Approved
662,653,451157.47,11.61,36,Approved
663,412,398965.7,4.26,12,Rejected
664,586,368810.41,11.96,60,Pending
665,523,230470.32,12.41,60,Approved
666,145,433095.54,14.1,24,Approved
667,792,496859.07,9.32,60,Rejected
668,197,342809.27,10.27,12,Approved
669,419,184233.44,5.49,36,Approved
670,492,159191.71,13.98,48,Pending
671,223,386886.72,11.33,12,Approved
672,898,85647.57,3.52,12,Approved
673,155,455886.66,5.56,12,Pending
674,339,186983.45,14.39,60,Pending
675,494,285299.38,2.65,24,Rejected
676,828,380391.61,10.04,12,Rejected
677,952,249007.39,13.21,12,Approved
678,34,175972.85,8.75,12,Pending
679,311,41488.36,5.67,48,Approved
680,338,51145.22,7.4,60,Approved
681,780,319123.24,9.44,36,Approved
682,245,226867.93,9.48,12,Pending
683,465,383162.19,7.55,48,Pending
684,447,429565.78,2.62,36,Approved
685,318,165675.71,14.43,60,Pending
686,466,339779.55,10.85,24,Approved
687,655,382466.45,12.0,12,Approved
688,232,92638.3,9.75,48,Pending
689,849,362668.36,8.14,48,Rejected
690,890,173441.5,12.24,36,Pending
691,288,448967.99,13.23,60,Rejected
692,718,437256.71,7.98,24,Approved
693,555,50901.17,6.81,12,Rejected
694,866,148307.49,8.55,48,Pending
695,799,425111.46,13.64,36,Pending
696,736,445436.82,12.53,48,Approved
697,108,58213.77,8.55,60,Rejected
698,402,156803.34,8.12,36,Pending
699,762,178791.18,6.77,24,Pending
700,579,396173.19,4.4,48,Pending
701,591,108993.72,8.84,36,Pending
702,26,380314.83,9.75,60,Pending
703,265,478535.94,7.25,36,Pending
704,427,10646.85,7.92,60,Pending
705,612,95088.18,13.32,48,Approved
706,224,262104.47,14.14,60,Rejected
707,35,314273.89,13.28,48,Rejected
708,450,300090.98,8.35,24,Pending
709,579,447074.66,7.58,48,Approved
710,509,236875.75,4.8,48,Approved
711,687,393735.66,3.19,48,Approved
712,367,65985.34,9.42,48,Approved
713,192,332040.99,2.91,60,Pending
714,939,88122.96,5.02,24,Approved
715,701,471112.17,5.52,24,Approved
716,632,296746.38,5.37,36,Rejected
717,24,394811.56,12.68,12,Rejected
718,580,492530.78,5.73,24,Pending
719,940,6141.53,10.15,24,Approved
720,350,221634.78,13.5,36,Approved
721,614,156232.68,4.21,36,Approved
722,494,359124.21,3.11,48,Rejected
723,260,267875.94,12.85,36,Rejected
724,545,242043.85,14.34,24,Approved
725,120,481114.05,10.4,60,Approved
726,263,87525.7,6.88,36,Approved
727,543,402069.82,6.55,48,Rejected
728,779,496712.15,14.63,36,Rejected
729,820,19782.47,9.46,48,Pending
730,543,320583.11,8.08,48,Approved
731,696,94311.0,5.36,60,Approved
732,173,65559.93,13.6,48,Approved
733,924,450170.1,10.27,36,Pending
734,411,482406.74,14.03,60,Pending
735,678,70200.67,12.64,60,Pending
736,796,244597.89,14.0,60,Rejected
737,208,414051.35,11.25,36,Approved
738,825,158309.01,7.03,48,Approved
739,591,409629.9,8.42,60,Rejected
740,318,153706.44,7.84,24,Approved
741,779,95461.89,9.46,12,Rejected
742,5,14596.14,3.48,12,Approved
743,540,246395.77,6.73,12,Approved
744,962,15495.1,11.01,12,Approved
745,741,444286.26,7.01,36,Rejected
746,69,202182.68,9.12,60,Approved
747,675,433119.74,3.35,36,Rejected
748,426,70145.98,8.33,12,Approved
749,365,89703.06,11.01,60,Rejected
750,259,141508.59,12.82,24,Pending
751,408,32424.07,9.18,36,Rejected
752,753,273712.19,14.24,24,Approved
753,14,288568.12,7.16,48,Approved
754,924,122764.3,9.44,48,Pending
755,725,323910.75,7.83,12,Rejected
756,344,225489.94,9.93,24,Approved
757,411,245286.15,5.85,60,Rejected
758,513,353328.93,10.26,48,Approved
759,98,185666.38,11.53,60,Rejected
760,509,306605.68,13.09,48,Pending
761,136,18715.85,4.11,12,Pending
762,134,27878.98,13.1,24,Pending
763,742,361830.9,4.08,24,Pending
764,153,484918.03,8.12,12,Rejected
765,590,325485.38,4.97,48,Pending
766,349,255232.83,9.92,12,Rejected
767,549,482509.92,10.4,36,Rejected
768,831,66822.01,7.87,24,Pending
769,662,224597.71,6.03,24,Approved
770,926,394841.24,6.68,48,Rejected
771,713,430309.64,14.94,36,Approved
772,307,282837.77,8.35,24,Pending
773,422,83433.4,4.13,60,Approved
774,530,463209.69,5.47,12,Approved
775,308,328301.97,14.41,48,Pending
776,461,121639.05,14.05,48,Pending
777,809,233238.55,4.65,36,Rejected
778,196,319501.41,4.97,36,Rejected
779,638,448884.19,8.99,24,Pending
780,998,434169.75,7.02,12,Rejected
781,926,206019.8,11.39,36,Approved
782,916,261671.05,10.95,12,Approved
783,629,458315.8,3.09,24,Rejected
784,951,269300.77,2.73,36,Approved
785,301,238095.65,13.3,12,Pending
786,32,361892.52,9.6,12,Pending
787,68,212380.35,6.93,24,Rejected
788,426,68085.18,13.49,48,Rejected
789,712,390706.91,11.17,24,Approved
790,375,134541.03,4.42,12,Approved
791,423,392035.61,5.39,60,Approved
792,736,478945.22,14.04,12,Approved
793,696,169383.44,8.33,12,Pending
794,117,377310.35,4.8,24,Rejected
795,319,456164.12,5.73,36,Rejected
796,586,484980.92,2.66,12,Pending
797,68,263243.16,4.07,60,Approved
798,223,489551.26,10.14,36,Rejected
799,821,156556.54,4.47,60,Pending
800,249,417861.73,14.54,36,Pending
801,428,343773.99,13.89,48,Rejected
802,817,467448.43,14.79,24,Pending
803,21,395873.75,4.58,24,Pending
804,309,235161.79,12.24,48,Rejected
805,11,26139.5,5.03,60,Pending
806,17,289451.43,11.29,12,Rejected
807,308,422001.3,7.58,36,Rejected
808,150,228547.0,8.61,36,Rejected
809,267,331036.07,3.16,36,Approved
810,657,128049.23,7.51,48,Pending
811,148,363438.6,11.87,48,Rejected
812,974,185023.95,13.29,60,Approved
813,637,102244.19,14.45,60,Rejected
814,602,14516.24,6.49,24,Pending
815,797,337575.07,13.31,36,Approved
816,526,237060.89,11.17,36,Rejected
817,203,127819.39,12.48,60,Approved
818,914,114550.96,2.75,48,Approved
819,284,173491.53,10.36,24,Approved
820,186,492951.34,7.79,12,Approved
821,157,150094.53,8.45,36,Approved
822,649,287178.16,7.18,48,Approved
823,57,124655.12,6.84,36,Approved
824,410,28857.89,5.61,24,Rejected
825,99,410332.52,8.59,12,Rejected
826,970,181464.89,9.18,48,Approved
827,824,295940.51,14.58,12,Rejected
828,156,80394.74,10.6,36,Rejected
829,403,156246.47,3.48,60,Approved
830,381,407441.05,13.2,24,Rejected
831,239,257792.42,12.66,48,Pending
832,78,295259.36,13.06,36,Approved
833,358,359170.93,5.29,36,Pending
834,985,130694.54,12.03,12,Pending
835,731,437870.66,3.88,48,Rejected
836,367,250607.94,4.02,48,Rejected
837,817,119153.98,14.48,24,Rejected
838,420,126785.53,13.0,48,Approved
839,763,208206.08,13.07,12,Pending
840,686,436941.08,10.71,48,Approved
841,324,70054.53,13.43,12,Rejected
842,447,470076.15,6.41,36,Approved
843,57,160624.19,9.53,48,Pending
844,829,182457.18,10.65,60,Rejected
845,472,439245.91,6.33,24,Pending
846,988,214116.81,13.91,60,Approved
847,764,383903.63,2.97,12,Approved
848,939,145842.15,11.93,12,Approved
849,751,112191.78,4.36,60,Pending
850,513,280847.72,9.22,24,Approved
851,288,400628.1,13.7,12,Rejected
852,961,125321.13,9.04,48,Pending
853,485,355322.16,11.67,12,Pending
854,837,344100.49,14.16,60,Approved
855,359,315716.7,10.76,48,Rejected
856,410,380578.98,9.2,24,Rejected
857,491,92168.12,2.93,48,Approved
858,732,246696.2,12.8,60,Approved
859,690,336038.44,13.31,48,Approved
860,648,100611.94,5.13,48,Rejected
861,19,235724.46,5.29,12,Pending
862,228,29609.85,7.5,48,Pending
863,779,301215.44,10.36,60,Rejected
864,106,322563.9,6.83,36,Pending
865,562,106187.68,8.27,12,Rejected
866,397,242998.96,9.55,48,Rejected
867,540,259975.57,7.72,36,Approved
868,890,282787.43,12.04,12,Approved
869,436,155639.38,7.89,36,Pending
870,623,398824.59,12.76,24,Rejected
871,255,463433.52,3.62,12,Pending
872,672,222253.3,9.86,24,Approved
873,738,21024.35,6.87,36,Rejected
874,340,380418.76,5.17,48,Pending
875,489,243644.93,5.52,24,Approved
876,388,250088.89,9.47,12,Pending
877,802,84639.7,7.7,36,Rejected
878,561,242840.83,4.42,12,Approved
879,269,334069.25,4.23,36,Rejected
880,346,164018.7,10.73,36,Rejected
881,605,496313.4,8.84,12,Pending
882,578,295143.84,9.38,24,Pending
883,867,250507.86,10.39,24,Pending
884,523,241763.63,6.37,12,Rejected
885,220,11528.85,12.48,36,Approved
886,539,113780.71,10.89,12,Approved
887,595,44336.6,5.29,24,Pending
888,315,311138.36,5.33,12,Rejected
889,709,486960.83,5.97,48,Pending
890,580,481078.08,7.66,36,Rejected
891,773,196805.54,8.9,48,Pending
892,200,182817.02,9.02,48,Approved
893,149,171727.76,8.15,36,Pending
894,414,32564.96,4.57,24,Approved
895,133,116105.1,14.42,12,Rejected
896,392,373061.24,8.15,12,Approved
897,369,44012.19,7.11,60,Pending
898,45,413902.55,3.78,60,Pending
899,170,387240.39,8.84,12,Rejected
900,72,209344.78,7.89,60,Approved
901,871,93947.95,9.74,48,Pending
902,567,150486.88,5.94,60,Approved
903,598,280652.54,12.5,48,Approved
904,335,74564.86,7.39,36,Pending
905,830,406948.95,13.22,36,Rejected
906,160,12332.52,4.5,36,Pending
907,569,78841.76,9.21,48,Approved
908,742,39895.81,13.35,24,Rejected
909,79,153600.69,3.02,12,Approved
910,936,268841.72,11.19,48,Pending
911,390,317492.73,12.65,36,Approved
912,619,382305.57,10.87,48,Approved
913,393,47208.54,5.8,12,Pending
914,582,417489.68,4.05,12,Pending
915,824,400799.39,4.06,36,Rejected
916,980,330599.87,9.99,36,Pending
917,498,207557.44,9.4,24,Rejected
918,65,484567.08,5.26,12,Rejected
919,96,103012.05,3.37,12,Approved
920,967,429643.34,13.19,12,Rejected
921,10,474644.78,6.77,12,Pending
922,721,119570.66,6.44,12,Rejected
923,895,295686.96,2.53,36,Rejected
924,40,253652.39,7.68,60,Pending
925,282,397230.53,12.58,48,Rejected
926,103,151476.53,12.72,48,Pending
927,218,39258.44,4.97,36,Rejected
928,782,455660.34,5.9,48,Approved
929,970,383462.4,8.22,48,Pending
930,276,396326.94,8.19,36,Approved
931,228,111323.31,14.91,48,Rejected
932,265,311027.26,9.76,60,Rejected
933,4,304112.96,5.37,60,Approved
934,726,118235.88,11.85,60,Rejected
935,92,96981.95,10.38,36,Approved
936,5,417560.56,2.71,24,Rejected
937,778,405487.05,6.88,12,Pending
938,662,280478.0,6.85,48,Approved
939,90,344295.32,2.95,12,Pending
940,618,205992.96,6.65,48,Approved
941,170,164448.99,7.45,48,Rejected
942,22,35409.26,8.01,60,Rejected
943,476,301726.32,13.46,48,Pending
944,652,294019.71,8.99,36,Pending
945,259,260798.42,8.34,24,Rejected
946,828,57729.22,14.85,48,Rejected
947,5,377979.31,8.06,24,Pending
948,493,160033.32,13.84,60,Approved
949,829,104984.52,14.88,12,Rejected
950,541,56115.39,14.14,12,Rejected
951,110,288998.54,11.99,12,Approved
952,285,309963.26,4.63,12,Rejected
953,294,150393.71,14.31,36,Rejected
954,870,297999.45,8.1,24,Approved
955,239,334463.75,8.99,60,Pending
956,417,492538.83,14.07,36,Approved
957,235,285935.72,3.86,12,Approved
958,745,120898.46,5.55,12,Approved
959,319,310508.46,12.46,60,Approved
960,394,315121.33,14.75,24,Pending
961,396,360228.36,14.47,60,Rejected
962,664,416578.5,5.44,48,Approved
963,985,286122.88,6.29,48,Pending
964,935,81611.32,8.83,24,Approved
965,812,374392.9,9.5,36,Pending
966,386,429622.2,14.62,24,Pending
967,158,433549.59,10.74,48,Pending
968,465,333571.81,5.76,12,Approved
969,281,290370.94,12.39,48,Pending
970,400,222957.62,2.92,12,Rejected
971,373,281811.45,3.77,24,Rejected
972,474,305724.85,3.98,12,Rejected
973,140,172805.58,7.42,60,Pending
974,628,98049.13,13.46,36,Rejected
975,310,203318.84,12.75,60,Pending
976,611,226690.91,3.77,36,Pending
977,644,324714.65,7.01,12,Approved
978,614,360086.91,5.63,24,Rejected
979,713,420764.35,3.74,60,Rejected
980,408,477113.49,9.79,24,Rejected
981,330,67440.88,12.92,12,Rejected
982,25,312463.3,4.67,12,Approved
983,50,335070.54,12.3,12,Pending
984,790,376173.73,3.54,36,Rejected
985,76,210562.69,13.08,48,Approved
986,576,132671.9,5.65,60,Pending
987,527,45540.83,14.34,24,Approved
988,49,337930.04,9.45,24,Pending
989,783,100642.57,13.17,48,Pending
990,640,30360.82,11.0,60,Rejected
991,490,68289.07,10.92,24,Approved
992,63,135529.55,5.78,12,Rejected
993,693,445039.16,14.74,24,Pending
994,423,428758.75,14.23,36,Pending
995,430,39752.61,4.23,12,Pending
996,561,72425.29,4.25,48,Approved
997,769,45397.55,11.59,48,Rejected
998,125,242942.67,3.29,24,Approved
999,160,98843.73,5.77,12,Pending
1000,643,220999.17,5.48,60,Approved
1001,325,456965.12,10.12,12,Rejected
1002,868,233908.51,5.92,24,Approved
1003,231,391868.42,10.83,60,Pending
1004,234,331001.66,14.72,24,Pending
1005,153,443328.04,10.44,48,Rejected
1006,934,55340.98,7.26,60,Approved
1007,473,293670.81,10.06,60,Pending
1008,329,423601.51,4.57,24,Rejected
1009,190,453963.74,7.68,36,Rejected
1010,309,343478.1,5.98,24,Pending
1011,645,217456.28,11.29,60,Rejected
1012,520,60917.98,14.65,12,Approved
1013,317,392661.07,5.28,12,Rejected
1014,264,17032.55,11.34,12,Rejected
1015,576,252342.66,3.56,36,Rejected
1016,720,177121.4,10.94,12,Pending
1017,932,197384.94,13.61,48,Pending
1018,491,464890.29,3.15,36,Pending
1019,101,345607.24,2.7,36,Rejected
1020,977,121513.38,4.6,48,Approved
1021,908,363616.68,7.46,12,Approved
1022,150,99179.59,8.86,12,Pending
1023,816,8323.17,10.28,36,Pending
1024,635,296771.43,14.39,48,Approved
1025,739,230409.6,13.96,60,Approved
1026,617,416136.28,14.71,60,Rejected
1027,782,176397.07,9.55,24,Rejected
1028,738,228462.31,11.03,12,Approved
1029,491,339329.19,14.85,48,Approved
1030,224,356689.58,7.82,36,Rejected
1031,981,328203.33,13.29,12,Approved
1032,165,185560.1,9.45,24,Approved
1033,213,20161.46,2.68,12,Rejected
1034,408,478339.14,2.9,60,Pending
1035,150,291128.07,4.58,36,Pending
1036,573,73961.12,8.33,24,Approved
1037,41,444548.14,11.04,60,Pending
1038,208,46196.15,10.46,24,Pending
1039,438,490886.99,12.03,36,Pending
1040,358,78926.22,2.53,24,Approved
1041,66,310505.45,13.06,60,Rejected
1042,142,274661.14,5.67,12,Rejected
1043,699,359652.63,8.63,48,Approved
1044,645,200802.17,3.33,60,Pending
1045,749,166982.73,6.65,12,Approved
1046,980,184898.93,3.51,60,Approved
1047,634,155269.42,9.22,36,Pending
1048,132,68766.55,13.46,24,Pending
1049,49,11368.13,7.73,48,Approved
1050,133,124110.42,2.98,60,Approved
1051,3,354167.76,4.88,36,Pending
1052,146,439191.89,10.5,24,Rejected
1053,339,404404.9,9.68,48,Pending
1054,145,425463.24,9.5,60,Approved
1055,893,210693.71,7.45,12,Rejected
1056,861,450426.74,7.83,48,Pending
1057,483,364807.22,6.32,24,Approved
1058,879,5710.32,7.17,36,Approved
1059,966,14335.64,3.74,48,Rejected
1060,595,234832.35,2.88,60,Rejected
1061,298,395445.58,6.64,12,Approved
1062,338,365789.75,3.69,48,Rejected
1063,147,292152.88,7.66,24,Pending
1064,4,295242.52,6.2,12,Rejected
1065,7,162336.31,2.73,60,Rejected
1066,631,288707.13,11.31,12,Pending
1067,737,387553.99,4.03,24,Pending
1068,340,189376.54,11.23,24,Approved
1069,677,397625.75,9.41,12,Rejected
1070,516,419539.38,4.91,48,Pending
1071,456,319800.71,5.44,36,Pending
1072,59,477550.26,13.14,36,Rejected
1073,415,91306.61,6.75,24,Pending
1074,373,28127.81,3.83,12,Rejected
1075,795,83782.89,6.56,60,Pending
1076,446,418237.87,8.29,60,Pending
1077,552,92698.3,3.0,12,Rejected
1078,283,268104.49,2.73,24,Approved
1079,261,454695.6,6.98,60,Pending
1080,8,354815.84,9.91,12,Pending
1081,443,38366.45,13.61,36,Approved
1082,183,306530.34,13.66,36,Pending
1083,337,480014.03,12.1,36,Pending
1084,901,94618.1,6.57,36,Pending
1085,417,224262.56,8.06,60,Pending
1086,874,48690.34,11.01,48,Pending
1087,817,276384.73,2.73,36,Rejected
1088,479,208780.2,4.28,36,Rejected
1089,786,434651.13,3.8,48,Approved
1090,563,287143.61,13.65,36,Pending
1091,585,235053.64,14.36,12,Rejected
1092,676,464541.42,4.6,12,Approved
1093,207,192563.26,9.02,48,Approved
1094,8,458129.58,4.95,48,Rejected
1095,698,375425.0,4.12,60,Pending
1096,592,444620.47,9.83,24,Approved
1097,704,494252.71,8.7,48,Approved
1098,759,62831.83,5.58,60,Pending
1099,774,321330.32,9.72,60,Approved
1100,478,57040.61,13.83,36,Pending
1101,404,467845.43,13.9,24,Approved
1102,534,339995.69,11.85,60,Pending
1103,362,441844.83,4.32,36,Pending
1104,659,481801.61,9.51,60,Pending
1105,407,258702.12,3.81,36,Approved
1106,993,289813.29,7.45,24,Approved
1107,729,455137.01,9.61,12,Rejected
1108,243,250738.52,6.06,60,Pending
1109,871,392563.16,11.6,36,Rejected
1110,321,233964.63,13.76,36,Rejected
1111,284,59608.07,14.54,48,Rejected
1112,596,453285.2,4.63,48,Approved
1113,395,321923.51,14.08,36,Pending
1114,238,152370.52,8.15,36,Pending
1115,112,346237.79,2.89,36,Approved
1116,350,291970.84,14.0,24,Pending
1117,529,168047.96,10.33,60,Pending
1118,56,233720.31,10.07,60,Rejected
1119,373,255609.37,6.43,60,Approved
1120,945,337605.89,6.62,60,Approved
1121,388,241090.91,6.37,24,Rejected
1122,694,24276.89,13.01,24,Approved
1123,454,327816.6,3.72,48,Rejected
1124,981,197025.09,13.5,24,Rejected
1125,674,17642.6,10.33,48,Pending
1126,548,112866.44,9.8,24,Approved
1127,203,359170.79,8.76,36,Approved
1128,242,452574.04,7.61,60,Pending
1129,349,69298.44,9.43,12,Pending
1130,192,115983.12,12.06,24,Pending
1131,821,199331.04,4.94,48,Approved
1132,322,348706.1,11.39,12,Rejected
1133,639,227992.7,5.78,12,Approved
1134,144,484446.56,5.57,48,Rejected
1135,77,149549.5,12.4,36,Approved
1136,600,125297.7,6.96,36,Rejected
1137,712,228484.87,14.86,24,Approved
1138,42,208481.27,8.38,12,Approved
1139,429,487315.64,5.82,36,Pending
1140,281,400663.74,12.49,12,Approved
1141,111,277751.1,5.62,60,Approved
1142,980,319259.48,8.47,12,Rejected
1143,333,19683.54,11.69,12,Approved
1144,173,435305.27,13.83,60,Pending
1145,243,329826.55,10.4,36,Rejected
1146,304,145225.28,9.47,36,Approved
1147,688,7163.62,5.71,36,Rejected
1148,831,470091.0,9.76,12,Approved
1149,993,206905.51,11.32,48,Approved
1150,512,251717.42,12.1,60,Pending
1151,320,461851.31,5.2,24,Rejected
1152,420,429623.72,4.9,60,Approved
1153,270,340795.23,7.64,12,Pending
1154,183,348669.06,12.81,48,Pending
1155,387,361831.99,14.79,24,Rejected
1156,912,464919.83,2.72,24,Approved
1157,64,284295.72,7.18,36,Pending
1158,24,203203.48,8.22,60,Approved
1159,443,323440.92,13.95,12,Pending
1160,69,478311.93,10.98,24,Approved
1161,58,107567.16,13.1,36,Rejected
1162,627,21416.48,7.96,48,Approved
1163,935,61680.08,4.78,12,Pending
1164,665,100850.51,5.47,24,Pending
1165,753,319420.58,12.99,60,Approved
1166,592,460333.08,12.29,60,Approved
1167,116,6210.01,6.71,12,Rejected
1168,88,84009.63,14.0,12,Approved
1169,920,281816.67,13.56,60,Approved
1170,669,234334.01,11.86,24,Rejected
1171,799,31799.82,6.08,60,Rejected
1172,503,368992.38,9.19,48,Approved
1173,913,276013.54,4.32,48,Approved
1174,155,83595.82,10.75,12,Approved
1175,172,213587.28,9.71,12,Rejected
1176,265,210898.85,7.74,60,Pending
1177,332,72990.33,13.51,48,Rejected
1178,14,423098.04,7.71,12,Pending
1179,437,443627.68,14.39,48,Approved
1180,712,315675.45,13.96,36,Approved
1181,371,233210.81,8.16,48,Pending
1182,257,237290.41,9.34,60,Rejected
1183,15,223551.82,12.63,60,Rejected
1184,427,162449.8,8.35,12,Rejected
1185,89,75428.2,10.19,60,Pending
1186,465,476980.41,4.41,36,Approved
1187,409,263614.07,12.44,24,Pending
1188,816,494507.42,13.67,12,Pending
1189,660,379165.28,5.71,48,Approved
1190,2,174092.06,13.32,12,Pending
1191,529,471045.53,2.92,48,Pending
1192,735,201918.02,8.94,24,Approved
1193,707,420468.34,10.52,48,Rejected
1194,484,484859.99,9.72,36,Pending
1195,66,76450.89,9.78,24,Approved
1196,902,91229.09,12.02,36,Approved
1197,571,343932.56,5.48,36,Pending
1198,703,138678.19,12.98,12,Approved
1199,591,303945.48,14.71,60,Pending
1200,268,280301.41,9.03,12,Pending
1201,122,238284.15,11.15,48,Rejected
1202,894,449713.98,7.09,12,Rejected
1203,479,326187.8,11.56,12,Rejected
1204,847,146189.8,6.06,24,Rejected
1205,999,276246.06,7.16,48,Pending
1206,389,229240.79,4.4,36,Rejected
1207,86,336496.99,6.59,12,Approved
1208,36,463554.59,9.63,12,Approved
1209,693,237146.01,12.69,48,Pending
1210,755,184249.73,11.58,12,Rejected
1211,50,78555.65,10.81,60,Rejected
1212,168,344608.39,14.13,24,Pending
1213,700,310797.94,2.91,12,Pending
1214,177,311951.51,13.57,36,Pending
1215,810,303507.81,5.86,48,Pending
1216,710,328706.64,13.25,36,Pending
1217,236,434737.28,7.78,60,Pending
1218,463,375342.22,5.68,24,Rejected
1219,155,194871.04,10.98,60,Pending
1220,265,336129.78,4.57,36,Approved
1221,415,145685.66,6.87,24,Rejected
1222,299,24477.94,12.42,36,Approved
1223,923,449545.3,4.85,48,Pending
1224,786,118735.88,8.05,48,Rejected
1225,760,288847.2,12.29,60,Rejected
1226,389,269118.74,11.79,48,Approved
1227,858,267446.29,6.79,12,Rejected
1228,309,301362.28,3.08,36,Pending
1229,306,309611.61,7.39,60,Approved
1230,282,140070.73,10.15,60,Approved
1231,217,478221.28,12.46,60,Rejected
1232,176,145204.52,3.06,36,Rejected
1233,262,136438.98,2.84,60,Pending
1234,572,221181.2,4.78,36,Approved
1235,325,76951.78,8.02,60,Approved
1236,100,451174.29,3.63,12,Pending
1237,531,189112.68,11.16,12,Pending
1238,257,208127.44,7.8,60,Pending
1239,568,335814.46,11.59,60,Approved
1240,839,87142.69,5.53,60,Rejected
1241,121,252539.65,5.12,48,Pending
1242,712,103287.02,5.94,60,Approved
1243,899,380882.99,13.56,24,Pending
1244,880,212202.59,4.44,60,Rejected
1245,679,466551.61,2.61,36,Rejected
1246,560,413986.01,12.78,60,Rejected
1247,944,396884.0,13.31,60,Approved
1248,992,36797.67,11.98,36,Rejected
1249,996,343129.04,10.11,60,Rejected
1250,458,155998.31,2.56,24,Pending
1251,254,468060.32,14.48,48,Pending
1252,561,459831.2,11.03,24,Approved
1253,269,217741.14,8.23,48,Rejected
1254,549,28472.55,5.89,24,Pending
1255,853,449042.6,7.8,48,Pending
1256,942,254206.27,10.61,48,Pending
1257,555,264744.64,14.26,36,Rejected
1258,286,168047.76,5.72,48,Rejected
1259,990,39289.25,5.97,12,Pending
1260,949,497582.11,11.53,60,Pending
1261,219,210894.68,13.63,12,Pending
1262,337,481467.69,7.94,48,Rejected
1263,680,495567.94,14.85,60,Approved
1264,258,191554.06,5.61,60,Approved
1265,114,80829.65,5.99,60,Rejected
1266,807,150829.95,10.05,48,Pending
1267,808,336194.48,7.59,12,Rejected
1268,420,279420.28,7.53,24,Pending
1269,944,123796.23,13.7,48,Approved
1270,674,212348.36,10.17,60,Approved
1271,888,161456.04,5.4,48,Approved
1272,135,354743.74,8.12,36,Approved
1273,255,31164.48,12.96,24,Pending
1274,733,376475.63,8.65,60,Rejected
1275,651,326106.58,6.05,48,Rejected
1276,429,98086.24,3.28,12,Approved
1277,641,42866.48,9.3,12,Rejected
1278,558,424480.79,9.47,48,Pending
1279,777,399983.42,13.83,48,Approved
1280,327,349992.46,6.24,60,Pending
1281,340,259231.72,7.21,36,Rejected
1282,334,355782.18,6.21,60,Approved
1283,170,316096.99,9.39,60,Approved
1284,347,74057.36,14.23,60,Pending
1285,554,193706.74,9.8,36,Pending
1286,280,198106.07,14.03,60,Pending
1287,780,158530.32,9.21,24,Pending
1288,861,268644.75,6.08,12,Rejected
1289,158,27005.73,3.49,24,Pending
1290,172,408173.19,9.25,48,Approved
1291,812,368125.37,13.31,24,Pending
1292,164,459392.26,5.1,48,Rejected
1293,536,221057.0,6.16,48,Pending
1294,493,274844.33,4.2,60,Pending
1295,680,390009.01,4.83,24,Pending
1296,474,370696.6,14.77,24,Approved
1297,7,255380.39,13.91,48,Pending
1298,232,416425.11,7.97,12,Pending
1299,8,206316.45,10.82,24,Approved
1300,273,320674.75,6.84,36,Rejected
1301,249,174350.95,7.82,24,Pending
1302,133,430095.3,13.14,48,Rejected
1303,660,358349.35,2.96,36,Rejected
1304,219,173130.16,6.96,60,Rejected
1305,224,35143.34,4.07,48,Approved
1306,764,319834.04,12.81,24,Pending
1307,353,408828.28,12.63,12,Rejected
1308,727,85792.42,5.68,24,Rejected
1309,351,172186.82,13.85,60,Pending
1310,744,395924.86,11.05,60,Rejected
1311,914,458173.86,8.23,12,Rejected
1312,107,56479.48,8.46,60,Pending
1313,875,477398.47,7.0,60,Rejected
1314,653,393249.36,6.07,48,Approved
1315,541,198532.21,12.33,36,Rejected
1316,624,10028.81,14.55,36,Pending
1317,688,464078.9,5.81,48,Rejected
1318,765,117990.73,4.84,24,Pending
1319,869,39923.79,11.12,36,Pending
1320,617,168495.77,9.18,48,Approved
1321,11,331321.55,7.79,24,Approved
1322,694,309405.26,14.25,60,Pending
1323,694,421724.66,14.49,48,Rejected
1324,33,246653.9,2.8,60,Pending
1325,331,107132.85,3.56,12,Approved
1326,881,477831.53,9.7,12,Pending
1327,121,124455.32,14.32,48,Approved
1328,888,380807.36,4.3,24,Approved
1329,365,215027.69,10.31,36,Pending
1330,794,499114.73,2.98,12,Approved
1331,375,410211.7,5.08,36,Approved
1332,334,204831.59,2.76,48,Rejected
1333,170,258189.42,8.26,36,Rejected
1334,375,306035.7,10.75,36,Rejected
1335,714,458676.8,10.85,36,Rejected
1336,984,249845.52,9.6,60,Pending
1337,380,488249.98,2.82,36,Rejected
1338,919,326026.45,11.1,48,Approved
1339,577,356486.43,3.54,12,Rejected
1340,527,185452.19,13.63,36,Approved
1341,573,116006.8,6.81,24,Pending
1342,321,69835.82,13.17,36,Approved
1343,829,466849.15,14.28,60,Pending
1344,1000,252808.72,12.19,12,Rejected
1345,666,160100.87,13.42,60,Pending
1346,727,96562.15,6.24,36,Rejected
1347,303,356713.61,6.5,12,Approved
1348,42,395798.53,10.81,48,Pending
1349,395,383691.94,13.52,48,Approved
1350,27,258880.98,12.18,24,Rejected
1351,974,33058.33,12.78,36,Pending
1352,879,124776.33,11.54,12,Approved
1353,756,496048.14,13.48,36,Approved
1354,755,352604.18,9.78,48,Approved
1355,297,323772.94,12.43,12,Pending
1356,257,49675.82,12.47,12,Pending
1357,923,24198.67,11.48,24,Rejected
1358,490,287978.69,9.79,12,Pending
1359,28,144745.0,12.72,60,Rejected
1360,91,72466.26,13.89,24,Approved
1361,333,154730.94,2.6,60,Pending
1362,90,477631.86,12.27,24,Rejected
1363,759,481800.15,14.72,36,Pending
1364,728,186610.43,3.36,24,Pending
1365,786,344381.04,7.91,24,Rejected
1366,438,275698.04,3.59,48,Approved
1367,298,410596.35,3.95,12,Approved
1368,27,387769.69,10.24,24,Pending
1369,86,496996.36,2.99,36,Pending
1370,880,156131.11,2.93,60,Pending
1371,974,303159.22,9.45,60,Pending
1372,72,291305.86,10.97,36,Rejected
1373,162,98186.67,12.81,12,Pending
1374,590,435085.51,2.95,24,Approved
1375,687,112394.29,6.51,60,Pending
1376,837,349614.21,3.68,24,Approved
1377,779,218363.88,13.28,48,Rejected
1378,56,495892.1,14.67,12,Rejected
1379,88,10615.87,10.69,60,Pending
1380,95,311098.42,13.6,48,Rejected
1381,37,163924.42,13.34,12,Approved
1382,740,106942.41,4.49,24,Rejected
1383,976,400511.43,9.91,48,Approved
1384,982,249080.9,5.7,60,Rejected
1385,789,198466.07,3.23,48,Rejected
1386,356,376808.95,4.42,48,Approved
1387,232,42244.59,7.22,24,Approved
1388,404,17918.25,4.95,48,Pending
1389,516,365404.21,3.66,12,Rejected
1390,790,444962.35,11.94,12,Approved
1391,778,429165.3,10.15,24,Approved
1392,435,202474.0,8.27,12,Rejected
1393,609,305730.06,7.53,60,Rejected
1394,407,344777.33,5.57,24,Approved
1395,224,346560.78,3.24,48,Approved
1396,761,342187.69,9.04,12,Approved
1397,594,250261.32,13.91,36,Pending
1398,50,281919.36,4.97,24,Approved
1399,306,111668.82,2.88,48,Rejected
1400,911,269585.79,8.64,36,Pending
1401,555,348277.32,9.4,60,Pending
1402,176,125485.89,6.69,12,Pending
1403,505,97319.55,9.06,36,Pending
1404,859,347763.9,11.07,60,Rejected
1405,761,140802.09,6.45,12,Approved
1406,636,385801.5,13.68,48,Approved
1407,987,111311.76,6.39,24,Approved
1408,439,250326.48,9.51,24,Pending
1409,728,247074.34,7.45,60,Pending
1410,198,76958.22,5.51,12,Approved
1411,265,348954.2,7.64,48,Rejected
1412,532,159044.46,7.76,36,Pending
1413,442,370336.86,14.3,36,Approved
1414,403,119289.7,12.08,24,Approved
1415,410,117852.55,8.22,36,Approved
1416,589,223921.16,7.5,12,Rejected
1417,367,259125.87,2.56,12,Approved
1418,768,389245.15,5.66,12,Rejected
1419,450,93239.99,3.91,36,Pending
1420,220,353008.54,13.65,12,Rejected
1421,552,193698.53,3.77,48,Approved
1422,881,103130.41,7.19,12,Pending
1423,623,87361.03,11.86,12,Rejected
1424,350,173193.66,10.38,48,Rejected
1425,932,132811.16,11.77,60,Approved
1426,389,255745.8,5.69,24,Rejected
1427,463,49304.9,5.84,12,Approved
1428,298,439256.08,10.96,36,Rejected
1429,347,424561.8,6.93,48,Rejected
1430,30,9389.02,14.91,12,Approved
1431,616,477864.12,10.54,24,Approved
1432,509,388840.97,14.46,60,Rejected
1433,820,295587.25,13.84,24,Pending
1434,102,327558.36,11.58,48,Pending
1435,894,402446.16,7.38,60,Approved
1436,548,186987.0,12.33,12,Pending
1437,333,419677.39,10.39,12,Pending
1438,199,133025.69,12.26,60,Pending
1439,88,206161.83,13.98,36,Approved
1440,557,61183.47,4.86,36,Approved
1441,247,141171.79,9.1,36,Pending
1442,279,98465.62,11.82,48,Rejected
1443,35,12719.89,7.75,48,Pending
1444,339,357701.45,9.71,12,Rejected
1445,831,94714.97,14.43,36,Rejected
1446,628,375679.06,7.85,36,Rejected
1447,142,418476.89,14.76,48,Pending
1448,715,484747.3,13.06,24,Rejected
1449,352,88435.25,2.6,12,Approved
1450,425,483587.57,11.78,12,Pending
1451,458,106323.37,6.33,60,Pending
1452,802,145860.27,11.89,60,Approved
1453,240,159957.03,3.97,48,Pending
1454,218,277647.39,12.79,48,Rejected
1455,932,367480.04,10.08,12,Pending
1456,979,343340.42,3.08,12,Rejected
1457,14,235236.04,14.57,12,Approved
1458,700,357490.89,6.05,36,Rejected
1459,415,476259.2,11.72,24,Approved
1460,877,138939.1,14.99,60,Rejected
1461,573,144511.62,11.24,36,Approved
1462,641,354278.9,10.46,24,Rejected
1463,731,178549.28,4.37,60,Approved
1464,656,110567.38,4.61,60,Rejected
1465,731,182804.02,7.57,48,Pending
1466,569,66723.71,5.1,24,Rejected
1467,907,166227.18,5.92,48,Pending
1468,484,52448.87,3.53,60,Pending
1469,134,442348.07,11.61,12,Pending
1470,887,494013.76,8.36,12,Pending
1471,912,263261.59,9.93,12,Pending
1472,959,6004.39,11.6,12,Approved
1473,427,64033.83,6.26,48,Rejected
1474,261,194003.22,10.62,12,Pending
1475,877,254894.47,3.25,60,Rejected
1476,372,401120.99,4.66,36,Rejected
1477,218,480011.57,12.67,60,Pending
1478,879,327509.71,6.71,24,Approved
1479,509,499994.49,10.86,36,Pending
1480,691,420197.27,11.6,48,Approved
1481,58,237034.31,9.51,12,Pending
1482,151,173615.29,4.66,12,Approved
1483,89,376727.35,11.59,60,Approved
1484,564,484611.54,11.94,48,Rejected
1485,586,485936.64,3.26,48,Pending
1486,416,208907.7,2.74,60,Rejected
1487,370,455729.44,13.04,60,Approved
1488,849,287689.98,14.97,48,Approved
1489,420,157182.24,11.97,60,Approved
1490,999,58666.59,11.47,12,Approved
1491,700,496546.96,8.4,60,Approved
1492,458,28088.36,5.57,60,Approved
1493,541,317599.26,11.9,48,Pending
1494,722,383038.18,11.89,60,Approved
1495,169,23109.31,12.51,12,Pending
1496,988,445204.47,8.94,36,Pending
1497,278,298964.57,10.9,48,Rejected
1498,740,155711.88,8.0,48,Pending
1499,181,309766.9,6.85,48,Rejected
1500,690,432423.58,12.65,48,Rejected
1501,453,70949.68,8.39,36,Pending
1502,283,49457.07,9.98,24,Pending
1503,106,226140.54,9.82,48,Rejected
1504,592,178262.36,13.24,12,Approved
1505,315,170252.94,4.15,24,Approved
1506,191,221544.34,4.74,60,Approved
1507,60,112269.79,13.06,48,Pending
1508,975,452494.14,6.82,36,Rejected
1509,229,124553.43,10.15,12,Rejected
1510,772,388761.33,5.72,12,Pending
1511,391,117414.64,3.58,60,Rejected
1512,151,325411.58,5.9,48,Pending
1513,491,187207.51,4.06,60,Approved
1514,494,381227.88,9.68,12,Approved
1515,738,400283.96,13.01,24,Rejected
1516,741,462454.04,7.6,24,Approved
1517,140,248820.63,5.38,36,Approved
1518,154,268731.16,6.94,48,Approved
1519,792,473501.92,9.0,48,Approved
1520,917,394328.95,13.19,24,Rejected
1521,691,92473.37,6.71,60,Approved
1522,105,22495.8,12.62,48,Pending
1523,716,358618.53,3.17,60,Pending
1524,599,159536.07,10.69,36,Approved
1525,210,372816.48,2.64,24,Approved
1526,239,444010.16,4.96,12,Pending
1527,642,271016.05,12.63,24,Pending
1528,288,186731.5,10.43,12,Approved
1529,369,324606.5,13.64,12,Rejected
1530,476,113464.66,3.76,60,Pending
1531,658,315018.24,11.91,12,Rejected
1532,973,213378.41,10.73,60,Approved
1533,916,488735.52,10.35,36,Rejected
1534,865,354480.16,6.34,24,Approved
1535,377,247286.46,11.21,24,Rejected
1536,636,336015.02,7.94,12,Rejected
1537,212,358077.79,10.37,48,Approved
1538,664,485012.4,14.6,48,Pending
1539,543,184516.47,5.05,24,Pending
1540,570,110625.42,12.53,12,Approved
1541,618,231123.03,13.88,48,Pending
1542,689,261351.4,5.22,24,Approved
1543,711,189285.75,5.48,12,Pending
1544,523,190194.81,9.77,48,Rejected
1545,818,184588.57,3.51,12,Approved
1546,340,10783.25,7.95,60,Rejected
1547,654,337191.74,2.96,48,Approved
1548,305,249635.09,8.39,36,Pending
1549,591,340877.22,7.86,24,Pending
1550,598,182395.57,10.2,12,Approved
1551,541,170799.8,6.38,48,Rejected
1552,173,80588.45,6.57,60,Rejected
1553,248,454234.44,8.02,24,Pending
1554,693,492964.94,5.35,60,Rejected
1555,630,171724.36,9.96,12,Approved
1556,570,283626.69,6.5,36,Rejected
1557,371,220562.48,10.78,36,Approved
1558,77,237615.42,8.92,24,Approved
1559,55,79060.43,13.15,12,Pending
1560,150,369469.16,14.31,24,Rejected
1561,688,191141.34,11.04,24,Rejected
1562,754,198308.17,12.43,24,Pending
1563,722,414280.69,4.63,24,Rejected
1564,941,254971.1,5.85,24,Pending
1565,67,215911.84,7.39,12,Pending
1566,127,21525.71,2.63,60,Pending
1567,442,201183.55,14.63,12,Pending
1568,453,107896.99,13.24,24,Rejected
1569,317,155582.36,11.94,60,Pending
1570,644,346970.99,10.81,60,Rejected
1571,629,184718.31,14.24,12,Rejected
1572,442,398504.91,12.34,60,Pending
1573,24,301737.71,8.7,48,Rejected
1574,938,469166.45,11.34,36,Pending
1575,973,281817.43,2.68,36,Rejected
1576,835,127227.78,5.9,48,Pending
1577,856,153572.79,13.93,24,Pending
1578,984,484422.49,9.24,60,Approved
1579,763,386641.49,13.65,36,Approved
1580,514,471975.47,2.87,36,Rejected
1581,448,175661.41,14.84,60,Approved
1582,454,273448.56,13.67,48,Rejected
1583,93,298740.43,14.03,60,Pending
1584,243,488448.89,5.92,36,Rejected
1585,45,305083.94,7.54,36,Pending
1586,220,254165.14,7.44,36,Approved
1587,154,123673.11,8.89,60,Pending
1588,606,415205.6,7.37,48,Pending
1589,976,321691.14,5.82,24,Rejected
1590,794,438058.38,6.98,60,Rejected
1591,610,168338.43,14.96,24,Approved
1592,703,181056.29,2.9,24,Pending
1593,463,36431.37,9.01,12,Approved
1594,339,434551.79,7.75,36,Rejected
1595,438,5342.43,6.25,12,Approved
1596,489,204168.79,8.02,48,Rejected
1597,753,457433.03,4.03,12,Rejected
1598,84,97200.03,3.95,36,Approved
1599,773,122681.17,9.68,48,Pending
1600,321,489622.03,9.39,48,Pending
1601,515,356923.74,11.27,60,Pending
1602,46,25990.55,12.86,12,Rejected
1603,534,303078.03,5.19,36,Approved
1604,866,274184.98,11.43,48,Approved
1605,103,408386.62,8.95,36,Pending
1606,1,384377.96,2.82,60,Rejected
1607,805,428018.87,4.91,60,Approved
1608,109,495801.49,13.55,12,Approved
1609,877,150680.15,6.92,48,Approved
1610,987,273278.72,13.89,60,Approved
1611,395,375098.44,10.68,12,Pending
1612,303,305754.81,12.13,12,Approved
1613,936,203580.08,12.31,36,Approved
1614,899,181339.61,4.01,12,Pending
1615,833,371149.03,9.91,60,Rejected
1616,546,221820.98,8.77,48,Approved
1617,495,8854.48,2.64,36,Pending
1618,971,78063.56,13.13,24,Pending
1619,929,359117.27,12.27,36,Approved
1620,503,459612.49,11.27,60,Rejected
1621,86,81080.63,9.89,24,Approved
1622,77,382391.06,5.99,36,Approved
1623,985,71710.72,9.53,36,Approved
1624,682,30820.25,14.9,24,Rejected
1625,894,339730.12,14.2,48,Rejected
1626,372,263464.4,6.86,24,Pending
1627,460,131168.88,2.59,48,Approved
1628,70,346800.45,13.7,24,Rejected
1629,808,488287.23,4.14,12,Pending
1630,236,458840.77,14.93,60,Rejected
1631,966,41348.86,6.48,12,Approved
1632,113,63350.43,7.9,12,Pending
1633,84,450112.61,10.84,24,Pending
1634,728,324309.55,5.38,60,Pending
1635,949,114717.74,3.24,36,Rejected
1636,598,438034.24,8.85,48,Pending
1637,738,458061.3,3.24,24,Approved
1638,118,396402.86,12.7,36,Pending
1639,441,279710.9,11.09,60,Approved
1640,867,14981.12,9.78,48,Pending
1641,111,287506.67,7.56,60,Approved
1642,991,147662.59,2.89,24,Approved
1643,67,74785.97,3.11,24,Rejected
1644,7,261839.05,7.56,36,Approved
1645,965,346073.13,9.46,12,Rejected
1646,262,374839.86,12.59,12,Pending
1647,719,42311.48,10.14,12,Rejected
1648,40,403198.96,9.4,24,Rejected
1649,436,284141.88,5.8,60,Rejected
1650,31,411012.34,2.64,36,Pending
1651,36,209915.6,4.15,48,Rejected
1652,349,202195.51,9.93,24,Pending
1653,634,320650.68,13.93,36,Pending
1654,670,25107.69,5.72,60,Rejected
1655,81,155999.3,10.81,12,Rejected
1656,636,182747.92,14.12,48,Rejected
1657,184,161517.05,4.88,60,Rejected
1658,466,206087.01,7.38,12,Pending
1659,826,175971.26,3.06,48,Rejected
1660,508,73797.05,14.76,48,Approved
1661,481,494668.11,10.9,48,Pending
1662,328,293312.9,2.68,48,Approved
1663,624,404285.85,14.47,12,Approved
1664,777,198163.69,4.21,60,Rejected
1665,446,8899.61,4.87,60,Pending
1666,131,138683.82,14.27,60,Pending
1667,940,317506.66,12.33,48,Rejected
1668,667,27756.54,7.45,48,Approved
1669,860,251330.14,8.64,36,Approved
1670,162,36138.22,7.05,48,Approved
1671,212,47934.79,14.22,36,Approved
1672,281,93759.16,5.04,24,Rejected
1673,848,372671.93,12.89,12,Pending
1674,329,373836.8,9.03,60,Rejected
1675,615,198287.07,3.28,24,Approved
1676,371,478116.02,3.21,24,Approved
1677,641,183190.36,11.65,24,Rejected
1678,204,384933.32,4.86,12,Pending
1679,279,188876.1,7.67,36,Pending
1680,984,415513.91,5.37,24,Approved
1681,154,67803.31,11.47,12,Approved
1682,620,47172.71,4.34,60,Rejected
1683,939,132780.83,11.8,12,Rejected
1684,931,350682.89,12.48,36,Approved
1685,827,452156.82,14.08,48,Pending
1686,228,136293.4,13.84,24,Pending
1687,864,319411.69,13.45,48,Pending
1688,781,274275.8,11.11,36,Approved
1689,775,78550.81,14.1,48,Pending
1690,151,117902.58,5.21,60,Pending
1691,887,342320.59,11.82,12,Pending
1692,112,328306.08,14.5,60,Rejected
1693,155,431450.11,4.53,48,Rejected
1694,475,262062.55,10.21,48,Approved
1695,696,169585.56,8.8,48,Rejected
1696,795,472359.24,6.84,24,Rejected
1697,219,384786.08,6.26,60,Pending
1698,148,101733.73,11.96,48,Pending
1699,153,160710.77,6.19,24,Approved
1700,655,164355.24,6.59,12,Rejected
1701,994,265561.39,9.46,24,Pending
1702,26,168903.76,14.81,36,Rejected
1703,375,119048.64,11.7,24,Pending
1704,986,238504.9,2.59,36,Rejected
1705,407,239043.48,7.25,48,Pending
1706,46,268477.07,9.25,48,Rejected
1707,329,354850.78,12.85,48,Approved
1708,741,334237.61,3.2,48,Rejected
1709,213,40766.33,13.03,24,Pending
1710,934,198062.85,7.0,24,Approved
1711,381,389682.12,11.37,48,Approved
1712,98,330050.16,2.93,36,Pending
1713,921,470581.04,5.71,36,Approved
1714,4,319607.32,4.02,48,Approved
1715,285,461377.86,6.94,60,Pending
1716,392,466029.96,6.91,48,Rejected
1717,278,466128.87,5.17,60,Pending
1718,871,242018.33,12.63,36,Approved
1719,233,410250.47,13.59,60,Rejected
1720,169,312999.52,13.03,48,Approved
1721,95,17449.52,3.07,24,Pending
1722,310,117011.87,6.27,60,Rejected
1723,374,370752.01,9.28,36,Pending
1724,735,209611.09,3.36,60,Pending
1725,519,50698.54,14.16,60,Rejected
1726,55,474274.91,14.95,24,Approved
1727,376,288480.34,4.42,60,Rejected
1728,223,230890.54,14.72,24,Pending
1729,131,248066.88,6.11,12,Approved
1730,220,63174.83,4.59,24,Pending
1731,330,135699.14,3.01,48,Approved
1732,297,227982.13,11.07,36,Pending
1733,965,439797.39,13.47,60,Approved
1734,817,201189.7,8.29,48,Rejected
1735,741,429958.82,5.7,48,Approved
1736,227,204331.22,7.64,36,Rejected
1737,13,6847.26,14.59,48,Pending
1738,143,85216.85,14.91,24,Approved
1739,887,483691.61,12.34,60,Approved
1740,124,292609.1,14.1,60,Rejected
1741,886,479401.48,4.56,60,Rejected
1742,781,222980.15,7.83,24,Pending
1743,211,102792.88,2.64,36,Pending
1744,798,183275.83,9.83,48,Pending
1745,171,332817.44,2.96,48,Rejected
1746,676,483478.06,2.91,36,Pending
1747,361,494325.85,3.68,24,Rejected
1748,670,457502.19,5.07,36,Pending
1749,831,364867.08,9.73,60,Approved
1750,116,483460.4,10.72,48,Rejected
1751,101,81240.02,5.77,12,Approved
1752,894,197455.32,5.44,60,Pending
1753,91,239550.66,11.34,36,Pending
1754,728,364289.76,5.32,48,Rejected
1755,641,475096.8,3.69,48,Pending
1756,347,291795.18,14.07,60,Pending
1757,727,189274.83,14.15,24,Approved
1758,638,127138.25,9.67,24,Approved
1759,214,382715.88,7.63,48,Rejected
1760,591,250789.64,8.61,48,Rejected
1761,533,248723.6,8.6,60,Approved
1762,370,395214.93,7.81,24,Rejected
1763,92,245335.51,14.98,12,Pending
1764,355,113929.12,12.68,60,Approved
1765,983,276124.27,9.31,36,Approved
1766,443,394378.31,13.19,24,Approved
1767,623,305431.4,10.99,48,Rejected
1768,118,184843.13,2.84,12,Approved
1769,84,115852.2,3.83,36,Pending
1770,991,5110.19,6.04,24,Rejected
1771,996,129301.56,10.23,12,Rejected
1772,600,303835.89,3.59,60,Rejected
1773,100,401112.85,7.31,36,Rejected
1774,721,304772.05,6.4,60,Pending
1775,979,49333.43,14.77,48,Approved
1776,544,332432.87,2.83,48,Pending
1777,962,288286.44,8.27,24,Rejected
1778,463,94846.08,2.96,48,Approved
1779,47,401476.93,12.02,48,Approved
1780,443,156248.56,10.93,12,Rejected
1781,522,400227.13,9.6,48,Approved
1782,918,137143.91,7.04,48,Approved
1783,681,422903.83,10.57,36,Pending
1784,455,310940.94,4.46,48,Rejected
1785,8,63679.77,11.02,36,Pending
1786,634,52458.09,14.56,48,Approved
1787,641,405145.36,11.63,48,Approved
1788,837,483373.84,7.8,36,Rejected
1789,521,278153.22,9.2,60,Rejected
1790,773,36104.08,14.1,60,Rejected
1791,690,304450.37,5.01,36,Pending
1792,388,493223.49,8.49,60,Rejected
1793,850,110206.38,11.21,24,Rejected
1794,281,139413.24,8.7,24,Rejected
1795,206,79438.45,7.45,48,Pending
1796,435,443085.3,12.07,36,Pending
1797,404,405195.25,12.48,36,Pending
1798,456,329632.21,7.34,60,Rejected
1799,839,293766.89,5.81,48,Pending
1800,81,177690.88,13.02,24,Rejected
1801,875,224459.45,5.66,36,Pending
1802,37,359866.05,4.12,12,Rejected
1803,248,224128.35,4.62,12,Pending
1804,743,140082.36,12.9,60,Pending
1805,408,160836.18,5.34,60,Rejected
1806,341,439376.99,5.46,36,Rejected
1807,568,434115.3,2.91,48,Pending
1808,8,190425.76,9.15,24,Pending
1809,547,189077.37,7.54,24,Approved
1810,739,305545.47,5.6,60,Rejected
1811,311,488128.85,9.06,36,Approved
1812,487,114598.43,5.11,36,Approved
1813,361,5647.44,13.5,24,Approved
1814,831,494770.44,5.72,12,Rejected
1815,106,27715.33,11.73,24,Rejected
1816,370,260680.02,13.37,48,Pending
1817,596,218781.22,5.03,36,Rejected
1818,479,144160.67,7.84,48,Rejected
1819,764,23484.65,5.23,24,Rejected
1820,202,412006.86,9.63,48,Rejected
1821,115,171158.8,4.33,12,Pending
1822,978,380163.42,6.05,12,Approved
1823,899,48950.03,4.74,48,Rejected
1824,46,244054.67,9.17,60,Rejected
1825,118,198911.38,14.71,36,Pending
1826,903,233434.51,9.57,48,Approved
1827,531,102174.59,5.45,12,Rejected
1828,90,135474.95,5.19,36,Rejected
1829,883,329373.87,5.87,48,Pending
1830,605,109134.87,6.77,36,Pending
1831,776,385424.33,11.08,48,Approved
1832,191,381460.54,2.86,48,Pending
1833,482,170389.47,11.95,12,Rejected
1834,88,320071.92,13.93,60,Pending
1835,965,64276.31,4.5,24,Approved
1836,905,360795.83,14.03,24,Pending
1837,113,68051.12,8.65,36,Rejected
1838,613,324080.87,9.01,36,Pending
1839,105,351441.94,14.58,24,Rejected
1840,422,467911.17,8.07,36,Pending
1841,518,390358.22,2.65,60,Approved
1842,777,27210.7,12.53,48,Pending
1843,373,63957.25,2.87,48,Rejected
1844,42,250499.2,14.57,60,Approved
1845,780,271231.76,10.57,48,Pending
1846,749,138107.78,14.61,12,Approved
1847,261,261184.59,12.11,48,Approved
1848,444,465199.81,6.61,36,Pending
1849,695,8583.24,6.14,36,Pending
1850,133,242208.38,8.93,60,Approved
1851,194,63253.62,8.15,60,Approved
1852,811,333294.03,7.37,36,Approved
1853,758,474370.45,7.85,60,Rejected
1854,765,313966.59,12.86,36,Rejected
1855,911,25614.78,9.52,60,Rejected
1856,761,295873.71,2.8,24,Pending
1857,35,233277.98,13.59,48,Approved
1858,866,358056.74,6.78,48,Pending
1859,640,391712.76,4.05,36,Approved
1860,212,417535.49,10.61,24,Pending
1861,971,301067.73,10.28,48,Approved
1862,225,15558.74,10.0,24,Approved
1863,367,425594.65,7.49,36,Approved
1864,251,19529.05,9.97,60,Approved
1865,823,179843.69,12.56,12,Approved
1866,700,234141.05,14.05,12,Approved
1867,150,433859.0,10.35,36,Approved
1868,96,281420.97,14.02,12,Approved
1869,300,68371.31,3.48,60,Approved
1870,717,24296.11,14.96,48,Pending
1871,130,404835.13,3.19,60,Approved
1872,801,348093.53,9.58,12,Rejected
1873,305,267689.9,11.36,24,Pending
1874,368,224515.18,12.81,60,Rejected
1875,907,106263.9,12.64,24,Rejected
1876,851,359761.59,10.48,36,Approved
1877,539,415784.27,7.18,12,Pending
1878,161,245579.66,13.24,24,Pending
1879,892,73351.19,14.15,24,Pending
1880,364,434696.33,3.73,36,Approved
1881,892,184356.57,10.58,48,Pending
1882,803,265344.53,11.55,36,Rejected
1883,606,25304.25,3.17,60,Approved
1884,589,214494.85,11.58,60,Rejected
1885,866,155149.04,11.77,48,Rejected
1886,106,339227.53,6.73,36,Pending
1887,568,144453.84,11.74,36,Pending
1888,32,257658.4,4.2,36,Rejected
1889,417,357363.47,3.01,36,Approved
1890,455,466724.38,7.66,36,Rejected
1891,803,179386.9,11.22,24,Rejected
1892,882,169657.42,8.88,12,Pending
1893,775,357343.77,10.8,48,Rejected
1894,795,168219.02,8.09,48,Pending
1895,509,467217.01,5.89,60,Approved
1896,379,145516.56,11.35,24,Approved
1897,527,226451.8,13.14,60,Approved
1898,495,300086.88,10.2,12,Rejected
1899,64,356793.95,13.43,36,Pending
1900,292,275972.49,6.38,48,Rejected
1901,918,136250.05,11.5,12,Rejected
1902,437,70623.06,10.97,36,Rejected
1903,675,423499.88,3.97,36,Rejected
1904,601,114393.45,13.77,24,Rejected
1905,442,226141.99,10.3,12,Rejected
1906,309,66342.83,4.44,24,Rejected
1907,152,341372.29,7.47,24,Approved
1908,965,145098.26,7.1,12,Pending
1909,643,104969.34,3.79,12,Approved
1910,348,145044.25,7.06,60,Approved
1911,810,148446.08,6.95,36,Rejected
1912,946,220395.04,4.84,12,Rejected
1913,572,478374.16,10.79,24,Rejected
1914,814,485193.8,10.73,48,Rejected
1915,522,31714.42,12.75,60,Rejected
1916,777,8850.36,14.86,60,Approved
1917,31,253857.32,11.99,12,Rejected
1918,206,44331.56,3.61,36,Pending
1919,483,281781.93,12.07,12,Pending
1920,736,291647.14,9.79,24,Rejected
1921,570,194939.19,3.08,60,Pending
1922,989,125072.07,3.36,48,Approved
1923,537,289998.09,14.54,60,Pending
1924,560,178379.01,10.99,12,Approved
1925,378,189043.75,12.03,24,Pending
1926,81,50953.14,7.12,24,Approved
1927,45,85072.88,6.06,12,Pending
1928,726,98980.4,10.97,24,Pending
1929,223,470513.35,7.92,48,Pending
1930,44,96545.78,2.53,24,Pending
1931,574,319959.35,8.98,12,Pending
1932,546,309394.44,9.1,36,Rejected
1933,533,54173.14,11.95,48,Rejected
1934,414,127990.6,13.52,24,Pending
1935,9,274120.42,6.24,12,Approved
1936,302,97242.22,12.07,48,Rejected
1937,493,142656.57,11.6,48,Rejected
1938,282,424872.64,5.72,60,Approved
1939,785,343690.88,4.58,48,Pending
1940,841,219876.5,5.5,60,Pending
1941,336,261550.17,11.04,60,Rejected
1942,455,413270.46,6.28,60,Pending
1943,173,158994.54,9.08,12,Rejected
1944,955,475186.93,7.3,60,Approved
1945,813,286673.14,11.29,24,Approved
1946,830,166883.05,12.6,48,Rejected
1947,670,76365.5,10.19,12,Approved
1948,642,192533.06,12.42,12,Pending
1949,962,284846.39,7.19,60,Rejected
1950,400,212058.24,14.95,60,Approved
1951,982,449200.35,10.77,60,Approved
1952,860,73857.07,12.27,24,Approved
1953,681,387194.93,10.38,24,Rejected
1954,393,282291.54,4.22,12,Approved
1955,479,107855.43,8.57,60,Rejected
1956,55,490717.99,10.94,12,Approved
1957,528,209768.5,14.0,60,Rejected
1958,508,253214.31,3.14,36,Rejected
1959,336,294140.22,11.08,36,Pending
1960,795,227431.05,7.49,36,Rejected
1961,515,195759.65,10.96,12,Rejected
1962,346,38216.41,11.68,48,Pending
1963,767,242093.87,7.8,36,Pending
1964,271,111343.59,7.68,24,Approved
1965,479,23028.38,7.64,36,Rejected
1966,364,100477.04,5.64,36,Approved
1967,44,35418.62,4.39,60,Rejected
1968,454,128779.7,11.44,36,Approved
1969,52,128532.35,3.54,60,Approved
1970,586,485650.62,6.85,12,Rejected
1971,419,190162.76,3.77,24,Rejected
1972,901,426847.7,6.49,60,Approved
1973,641,135240.09,4.84,24,Approved
1974,727,283514.04,13.35,48,Rejected
1975,421,356557.67,5.06,48,Pending
1976,606,347460.4,3.1,36,Approved
1977,213,106205.34,3.7,48,Approved
1978,943,490943.25,12.51,60,Approved
1979,755,412619.59,3.04,36,Approved
1980,130,303553.74,9.11,36,Rejected
1981,922,420103.41,12.23,36,Pending
1982,852,384478.01,7.02,60,Approved
1983,342,424386.12,8.41,24,Rejected
1984,632,312116.13,3.7,12,Rejected
1985,221,161682.36,14.75,24,Approved
1986,320,471377.27,2.58,48,Rejected
1987,750,448940.69,11.49,12,Approved
1988,42,216912.82,2.64,24,Approved
1989,112,203719.46,9.85,36,Rejected
1990,823,468251.92,12.79,12,Rejected
1991,458,123407.35,12.93,12,Rejected
1992,252,45928.88,4.08,36,Approved
1993,820,48059.36,7.67,48,Rejected
1994,408,428667.41,4.69,24,Rejected
1995,89,452642.45,14.6,36,Pending
1996,23,212167.37,4.32,48,Rejected
1997,340,172494.19,7.76,24,Approved
1998,691,124767.37,10.36,48,Pending
1999,59,76266.83,11.55,12,Approved
2000,8,445183.38,6.95,48,Pending
