ProductID,StockLevel,SupplierID,Status
1,485,36,Available
2,177,138,Out of Stock
3,147,197,Out of Stock
4,388,111,Available
5,478,145,Out of Stock
6,310,6,Out of Stock
7,303,170,Available
8,336,105,Out of Stock
9,190,66,Out of Stock
10,17,95,Out of Stock
11,208,157,Out of Stock
12,437,199,Out of Stock
13,407,189,Available
14,20,102,Available
15,178,110,Available
16,162,162,Available
17,433,190,Available
18,257,31,Out of Stock
19,68,127,Out of Stock
20,89,126,Out of Stock
21,111,51,Out of Stock
22,464,9,Out of Stock
23,222,177,Available
24,462,166,Available
25,489,112,Available
26,440,12,Out of Stock
27,226,8,Available
28,304,56,Out of Stock
29,389,17,Available
30,75,136,Available
31,10,156,Available
32,456,102,Out of Stock
33,233,12,Available
34,382,186,Available
35,56,176,Available
36,138,150,Out of Stock
37,420,4,Available
38,124,112,Out of Stock
39,259,135,Out of Stock
40,90,165,Available
41,444,56,Out of Stock
42,372,175,Available
43,261,157,Out of Stock
44,197,33,Available
45,380,94,Available
46,245,56,Available
47,361,183,Available
48,432,75,Available
49,284,107,Available
50,94,178,Out of Stock
51,416,195,Available
52,216,67,Out of Stock
53,314,70,Out of Stock
54,360,189,Available
55,340,174,Available
56,246,128,Available
57,485,184,Available
58,359,29,Available
59,438,145,Available
60,172,16,Out of Stock
61,230,74,Out of Stock
62,226,143,Out of Stock
63,193,200,Out of Stock
64,290,186,Out of Stock
65,417,143,Out of Stock
66,284,158,Available
67,134,40,Available
68,180,133,Out of Stock
69,37,50,Out of Stock
70,500,186,Out of Stock
71,371,115,Out of Stock
72,217,114,Available
73,395,77,Out of Stock
74,126,53,Available
75,105,62,Out of Stock
76,447,127,Available
77,378,118,Available
78,101,6,Available
79,14,97,Out of Stock
80,380,162,Out of Stock
81,423,58,Out of Stock
82,198,4,Out of Stock
83,372,169,Available
84,463,33,Out of Stock
85,478,142,Available
86,265,97,Available
87,441,88,Available
88,443,54,Out of Stock
89,78,180,Out of Stock
90,222,167,Out of Stock
91,82,11,Available
92,489,74,Available
93,119,89,Out of Stock
94,317,71,Available
95,459,199,Out of Stock
96,122,20,Available
97,36,183,Out of Stock
98,124,188,Out of Stock
99,281,126,Available
100,44,96,Available
101,110,147,Out of Stock
102,112,4,Available
103,487,144,Available
104,262,69,Available
105,174,5,Out of Stock
106,170,182,Out of Stock
107,130,184,Out of Stock
108,141,29,Out of Stock
109,103,2,Out of Stock
110,422,84,Out of Stock
111,151,145,Out of Stock
112,475,84,Available
113,341,200,Available
114,178,113,Out of Stock
115,24,142,Out of Stock
116,445,164,Out of Stock
117,373,8,Out of Stock
118,465,45,Available
119,307,123,Available
120,141,78,Out of Stock
121,309,127,Available
122,267,178,Available
123,196,135,Out of Stock
124,16,161,Out of Stock
125,63,193,Available
126,464,196,Available
127,458,3,Available
128,435,96,Available
129,462,186,Out of Stock
130,110,184,Out of Stock
131,308,149,Available
132,57,104,Available
133,343,90,Out of Stock
134,421,176,Out of Stock
135,78,162,Available
136,131,39,Available
137,230,100,Out of Stock
138,288,135,Out of Stock
139,458,74,Out of Stock
140,333,132,Out of Stock
141,344,166,Available
142,339,56,Available
143,293,127,Out of Stock
144,475,110,Out of Stock
145,260,58,Out of Stock
146,267,68,Out of Stock
147,216,75,Available
148,408,128,Out of Stock
149,311,131,Out of Stock
150,109,191,Out of Stock
151,402,100,Available
152,309,24,Out of Stock
153,375,78,Out of Stock
154,443,35,Available
155,151,100,Available
156,499,123,Out of Stock
157,71,82,Out of Stock
158,117,110,Available
159,181,200,Out of Stock
160,372,199,Out of Stock
161,184,159,Available
162,223,148,Available
163,415,131,Out of Stock
164,207,115,Out of Stock
165,441,23,Available
166,289,149,Available
167,120,118,Out of Stock
168,101,156,Out of Stock
169,393,136,Out of Stock
170,465,73,Available
171,308,197,Out of Stock
172,167,178,Available
173,168,166,Available
174,140,112,Out of Stock
175,454,98,Available
176,244,85,Available
177,73,70,Out of Stock
178,73,200,Out of Stock
179,221,82,Out of Stock
180,99,148,Available
181,186,74,Out of Stock
182,418,190,Out of Stock
183,212,51,Out of Stock
184,312,6,Out of Stock
185,158,99,Out of Stock
186,139,174,Available
187,126,35,Available
188,114,86,Available
189,279,161,Available
190,231,33,Out of Stock
191,389,104,Out of Stock
192,52,65,Available
193,109,179,Out of Stock
194,477,182,Out of Stock
195,119,11,Out of Stock
196,350,12,Out of Stock
197,360,133,Available
198,274,77,Available
199,402,173,Available
200,404,183,Out of Stock
201,37,58,Available
202,402,105,Out of Stock
203,366,51,Available
204,485,98,Available
205,100,168,Available
206,259,176,Available
207,323,184,Available
208,74,162,Available
209,386,102,Available
210,224,115,Out of Stock
211,96,85,Available
212,21,23,Available
213,443,54,Out of Stock
214,50,184,Out of Stock
215,115,173,Available
216,287,43,Out of Stock
217,106,8,Available
218,39,3,Out of Stock
219,317,189,Available
220,111,122,Out of Stock
221,278,187,Out of Stock
222,195,133,Available
223,192,144,Available
224,284,163,Out of Stock
225,52,158,Available
226,99,59,Available
227,16,52,Out of Stock
228,382,46,Available
229,383,117,Available
230,216,66,Out of Stock
231,244,139,Available
232,441,100,Out of Stock
233,134,192,Available
234,143,38,Out of Stock
235,410,46,Out of Stock
236,179,171,Available
237,343,194,Available
238,185,153,Out of Stock
239,390,64,Out of Stock
240,300,38,Out of Stock
241,405,37,Available
242,85,141,Out of Stock
243,149,100,Available
244,24,86,Available
245,72,12,Available
246,265,2,Out of Stock
247,382,42,Out of Stock
248,152,47,Available
249,100,122,Out of Stock
250,192,85,Out of Stock
251,264,70,Available
252,331,135,Available
253,116,188,Out of Stock
254,459,84,Available
255,354,93,Available
256,79,19,Out of Stock
257,496,48,Out of Stock
258,83,176,Available
259,238,55,Out of Stock
260,97,6,Out of Stock
261,186,23,Available
262,480,66,Out of Stock
263,300,132,Available
264,334,84,Out of Stock
265,122,175,Available
266,245,160,Available
267,218,54,Available
268,172,11,Out of Stock
269,143,105,Out of Stock
270,108,17,Out of Stock
271,63,41,Out of Stock
272,474,11,Out of Stock
273,65,39,Out of Stock
274,154,192,Out of Stock
275,156,147,Available
276,393,1,Available
277,39,66,Available
278,415,68,Available
279,254,162,Out of Stock
280,192,153,Out of Stock
281,291,29,Available
282,241,76,Out of Stock
283,177,148,Available
284,469,33,Out of Stock
285,471,78,Available
286,387,88,Available
287,481,165,Available
288,279,45,Available
289,407,156,Out of Stock
290,98,1,Available
291,436,192,Available
292,414,129,Available
293,373,192,Out of Stock
294,201,13,Out of Stock
295,495,151,Available
296,206,41,Available
297,22,100,Available
298,480,142,Available
299,224,52,Available
300,54,85,Out of Stock
301,399,12,Out of Stock
302,264,82,Out of Stock
303,421,154,Available
304,170,199,Available
305,40,52,Available
306,173,166,Available
307,348,105,Out of Stock
308,93,158,Out of Stock
309,68,88,Available
310,269,18,Out of Stock
311,232,56,Out of Stock
312,87,118,Available
313,418,149,Out of Stock
314,188,178,Available
315,494,106,Out of Stock
316,124,46,Out of Stock
317,397,21,Out of Stock
318,496,69,Out of Stock
319,273,113,Out of Stock
320,290,184,Available
321,141,11,Available
322,230,194,Out of Stock
323,17,62,Available
324,284,173,Available
325,334,160,Out of Stock
326,68,77,Available
327,62,21,Available
328,310,10,Out of Stock
329,50,42,Available
330,422,24,Available
331,478,23,Available
332,296,186,Available
333,244,129,Available
334,303,99,Out of Stock
335,81,40,Out of Stock
336,356,165,Out of Stock
337,402,111,Available
338,455,28,Available
339,276,150,Out of Stock
340,357,102,Out of Stock
341,196,194,Available
342,158,4,Available
343,403,96,Out of Stock
344,462,171,Available
345,180,80,Available
346,344,141,Available
347,141,50,Out of Stock
348,77,16,Out of Stock
349,441,159,Available
350,150,50,Out of Stock
351,300,118,Available
352,207,93,Out of Stock
353,479,173,Out of Stock
354,211,64,Out of Stock
355,168,134,Out of Stock
356,154,181,Out of Stock
357,346,17,Available
358,134,156,Available
359,493,185,Available
360,30,79,Out of Stock
361,264,113,Out of Stock
362,495,25,Out of Stock
363,497,58,Out of Stock
364,233,150,Available
365,182,152,Out of Stock
366,329,92,Out of Stock
367,405,27,Out of Stock
368,272,28,Out of Stock
369,95,76,Available
370,145,5,Available
371,335,132,Available
372,283,165,Out of Stock
373,109,142,Out of Stock
374,277,83,Available
375,23,48,Available
376,499,16,Available
377,460,152,Out of Stock
378,309,178,Out of Stock
379,237,188,Available
380,172,127,Out of Stock
381,282,24,Out of Stock
382,283,147,Out of Stock
383,72,57,Available
384,396,16,Out of Stock
385,340,84,Out of Stock
386,217,165,Out of Stock
387,207,102,Available
388,35,80,Out of Stock
389,270,53,Out of Stock
390,485,189,Available
391,429,160,Available
392,181,49,Available
393,300,132,Available
394,45,188,Out of Stock
395,237,12,Available
396,141,172,Available
397,251,69,Available
398,397,184,Out of Stock
399,365,1,Out of Stock
400,261,192,Out of Stock
401,482,62,Available
402,189,138,Available
403,482,57,Available
404,210,181,Available
405,169,176,Out of Stock
406,468,85,Out of Stock
407,121,71,Available
408,473,25,Available
409,423,180,Out of Stock
410,499,160,Out of Stock
411,203,152,Available
412,434,37,Available
413,145,54,Available
414,378,199,Available
415,293,100,Available
416,275,76,Out of Stock
417,322,92,Out of Stock
418,436,147,Out of Stock
419,415,2,Out of Stock
420,465,82,Out of Stock
421,173,177,Out of Stock
422,221,164,Out of Stock
423,312,180,Available
424,362,79,Out of Stock
425,460,7,Available
426,27,106,Available
427,66,177,Available
428,410,2,Available
429,364,61,Out of Stock
430,406,102,Available
431,26,151,Out of Stock
432,280,173,Available
433,399,129,Out of Stock
434,84,162,Available
435,102,73,Available
436,67,165,Available
437,137,197,Out of Stock
438,469,157,Available
439,403,31,Out of Stock
440,173,65,Out of Stock
441,336,11,Out of Stock
442,304,59,Out of Stock
443,389,53,Out of Stock
444,366,24,Out of Stock
445,310,48,Available
446,358,163,Out of Stock
447,46,14,Available
448,230,146,Available
449,10,123,Available
450,92,181,Out of Stock
451,13,58,Available
452,59,50,Out of Stock
453,394,15,Available
454,44,64,Out of Stock
455,237,77,Available
456,331,196,Out of Stock
457,370,88,Available
458,291,172,Out of Stock
459,473,126,Out of Stock
460,174,170,Out of Stock
461,144,110,Available
462,113,157,Available
463,258,181,Out of Stock
464,321,107,Available
465,86,121,Available
466,380,104,Available
467,214,169,Available
468,189,26,Available
469,246,2,Available
470,440,53,Out of Stock
471,419,113,Available
472,33,183,Out of Stock
473,497,25,Out of Stock
474,223,155,Out of Stock
475,284,36,Available
476,251,37,Out of Stock
477,429,51,Out of Stock
478,112,46,Available
479,249,154,Out of Stock
480,436,102,Out of Stock
481,149,88,Available
482,302,12,Out of Stock
483,222,82,Available
484,62,168,Out of Stock
485,463,127,Available
486,440,115,Out of Stock
487,185,11,Out of Stock
488,198,176,Available
489,421,50,Out of Stock
490,490,126,Available
491,81,31,Available
492,386,57,Out of Stock
493,211,43,Available
494,435,66,Available
495,253,127,Available
496,359,1,Out of Stock
497,483,148,Available
498,482,112,Out of Stock
499,398,86,Out of Stock
500,187,38,Available
501,305,132,Available
502,427,77,Available
503,155,34,Out of Stock
504,286,63,Out of Stock
505,310,142,Available
506,148,118,Available
507,215,169,Out of Stock
508,145,175,Out of Stock
509,265,167,Available
510,313,134,Available
511,152,104,Out of Stock
512,317,189,Available
513,208,45,Out of Stock
514,326,2,Out of Stock
515,274,105,Available
516,73,135,Available
517,493,133,Out of Stock
518,17,120,Out of Stock
519,270,161,Out of Stock
520,367,188,Available
521,274,10,Out of Stock
522,437,173,Available
523,232,188,Available
524,185,103,Available
525,151,55,Available
526,319,185,Out of Stock
527,241,80,Out of Stock
528,12,189,Available
529,66,95,Available
530,431,91,Out of Stock
531,170,44,Out of Stock
532,416,142,Available
533,378,127,Out of Stock
534,217,49,Available
535,196,53,Out of Stock
536,241,90,Available
537,480,198,Out of Stock
538,491,159,Out of Stock
539,466,197,Out of Stock
540,198,142,Out of Stock
541,270,146,Available
542,186,66,Out of Stock
543,12,33,Available
544,466,126,Available
545,209,77,Available
546,369,138,Out of Stock
547,451,197,Out of Stock
548,34,150,Available
549,248,15,Out of Stock
550,131,151,Available
551,285,46,Available
552,11,45,Available
553,222,113,Available
554,201,147,Out of Stock
555,236,46,Available
556,254,13,Out of Stock
557,119,23,Out of Stock
558,403,127,Available
559,361,123,Out of Stock
560,143,78,Available
561,463,141,Out of Stock
562,246,140,Available
563,255,82,Out of Stock
564,22,146,Available
565,37,178,Out of Stock
566,145,23,Out of Stock
567,55,189,Available
568,238,171,Available
569,202,76,Out of Stock
570,268,13,Available
571,19,36,Out of Stock
572,364,170,Available
573,176,91,Out of Stock
574,38,46,Out of Stock
575,402,126,Available
576,74,135,Available
577,123,77,Available
578,296,35,Available
579,149,15,Available
580,496,85,Available
581,154,26,Out of Stock
582,336,164,Available
583,352,48,Out of Stock
584,107,180,Available
585,237,93,Out of Stock
586,129,118,Available
587,283,37,Available
588,99,188,Available
589,311,90,Available
590,443,176,Out of Stock
591,491,5,Out of Stock
592,387,196,Out of Stock
593,53,102,Out of Stock
594,445,198,Out of Stock
595,125,95,Out of Stock
596,304,63,Available
597,246,27,Out of Stock
598,358,123,Available
599,177,80,Available
600,396,58,Available
601,49,135,Out of Stock
602,242,8,Out of Stock
603,220,122,Available
604,385,166,Out of Stock
605,392,45,Available
606,312,124,Available
607,345,44,Out of Stock
608,202,142,Out of Stock
609,324,185,Out of Stock
610,231,127,Out of Stock
611,437,82,Out of Stock
612,39,95,Out of Stock
613,115,10,Out of Stock
614,303,165,Out of Stock
615,107,159,Available
616,147,80,Out of Stock
617,301,169,Out of Stock
618,106,90,Out of Stock
619,212,180,Available
620,307,58,Available
621,131,55,Available
622,362,176,Available
623,467,37,Available
624,367,82,Available
625,224,107,Available
626,162,138,Available
627,395,108,Out of Stock
628,334,86,Available
629,287,171,Out of Stock
630,298,6,Out of Stock
631,197,139,Available
632,34,139,Available
633,153,136,Available
634,337,90,Out of Stock
635,97,4,Out of Stock
636,53,81,Available
637,302,164,Available
638,89,198,Out of Stock
639,430,164,Available
640,180,31,Available
641,259,60,Available
642,414,49,Out of Stock
643,161,79,Out of Stock
644,216,14,Available
645,190,56,Available
646,318,193,Out of Stock
647,132,69,Out of Stock
648,287,160,Available
649,421,87,Out of Stock
650,195,75,Available
651,271,62,Out of Stock
652,266,64,Available
653,399,55,Available
654,213,130,Out of Stock
655,268,189,Out of Stock
656,55,172,Out of Stock
657,402,112,Available
658,257,90,Available
659,364,111,Available
660,200,35,Available
661,444,6,Out of Stock
662,17,12,Available
663,457,43,Out of Stock
664,420,107,Available
665,171,99,Available
666,114,45,Out of Stock
667,290,18,Out of Stock
668,42,163,Available
669,31,152,Available
670,146,104,Available
671,390,85,Available
672,427,101,Out of Stock
673,320,140,Out of Stock
674,134,58,Available
675,455,103,Available
676,484,41,Out of Stock
677,419,96,Available
678,131,8,Out of Stock
679,392,119,Available
680,28,168,Available
681,380,51,Available
682,409,25,Out of Stock
683,309,39,Available
684,283,75,Out of Stock
685,146,139,Available
686,246,75,Out of Stock
687,91,5,Out of Stock
688,367,129,Available
689,129,67,Available
690,437,53,Available
691,276,134,Out of Stock
692,270,123,Available
693,230,194,Out of Stock
694,261,22,Out of Stock
695,59,80,Out of Stock
696,151,192,Out of Stock
697,427,26,Out of Stock
698,130,44,Available
699,47,93,Out of Stock
700,341,118,Out of Stock
701,465,109,Out of Stock
702,231,165,Out of Stock
703,385,169,Available
704,116,117,Available
705,379,52,Out of Stock
706,215,153,Available
707,482,105,Available
708,415,152,Available
709,332,107,Out of Stock
710,406,16,Available
711,455,176,Out of Stock
712,81,200,Available
713,52,35,Available
714,422,64,Out of Stock
715,84,170,Out of Stock
716,17,13,Out of Stock
717,109,112,Out of Stock
718,312,4,Available
719,287,13,Available
720,325,86,Out of Stock
721,205,18,Available
722,69,124,Out of Stock
723,42,148,Out of Stock
724,213,111,Out of Stock
725,328,156,Out of Stock
726,384,174,Out of Stock
727,476,167,Available
728,195,5,Available
729,64,68,Available
730,298,119,Out of Stock
731,181,12,Out of Stock
732,354,23,Out of Stock
733,72,172,Out of Stock
734,291,75,Available
735,373,29,Available
736,45,80,Out of Stock
737,19,39,Available
738,369,172,Out of Stock
739,52,153,Available
740,463,22,Out of Stock
741,204,188,Available
742,313,197,Out of Stock
743,441,51,Available
744,258,82,Out of Stock
745,139,170,Out of Stock
746,35,134,Out of Stock
747,49,137,Out of Stock
748,207,43,Out of Stock
749,232,71,Out of Stock
750,153,144,Available
751,18,14,Out of Stock
752,493,116,Available
753,446,1,Out of Stock
754,383,153,Available
755,35,52,Available
756,193,141,Available
757,351,45,Out of Stock
758,256,182,Out of Stock
759,163,119,Out of Stock
760,66,69,Out of Stock
761,317,151,Out of Stock
762,340,190,Out of Stock
763,222,103,Out of Stock
764,451,2,Available
765,471,8,Available
766,136,61,Out of Stock
767,361,126,Available
768,205,196,Out of Stock
769,456,68,Available
770,174,74,Available
771,446,183,Out of Stock
772,157,79,Available
773,225,17,Out of Stock
774,156,7,Available
775,11,193,Out of Stock
776,30,111,Out of Stock
777,289,101,Out of Stock
778,298,22,Available
779,495,169,Available
780,435,192,Out of Stock
781,441,52,Available
782,494,133,Out of Stock
783,283,33,Out of Stock
784,476,91,Available
785,63,195,Out of Stock
786,14,86,Available
787,252,105,Out of Stock
788,121,18,Out of Stock
789,465,88,Available
790,42,170,Available
791,494,123,Available
792,356,46,Out of Stock
793,470,190,Out of Stock
794,89,154,Available
795,284,51,Out of Stock
796,246,109,Out of Stock
797,14,59,Out of Stock
798,94,123,Out of Stock
799,389,58,Out of Stock
800,155,86,Out of Stock
801,441,66,Available
802,262,5,Out of Stock
803,460,54,Out of Stock
804,114,165,Out of Stock
805,33,50,Available
806,126,130,Available
807,123,154,Out of Stock
808,326,134,Out of Stock
809,334,169,Out of Stock
810,77,18,Available
811,371,108,Available
812,223,80,Available
813,418,51,Out of Stock
814,15,45,Available
815,67,42,Available
816,299,103,Out of Stock
817,89,28,Out of Stock
818,485,28,Out of Stock
819,399,8,Out of Stock
820,492,56,Available
821,292,106,Available
822,386,125,Available
823,54,130,Available
824,58,189,Available
825,207,142,Out of Stock
826,229,160,Available
827,465,50,Available
828,210,106,Out of Stock
829,239,116,Out of Stock
830,109,40,Out of Stock
831,375,64,Out of Stock
832,324,173,Available
833,107,75,Available
834,141,176,Available
835,240,191,Available
836,457,69,Available
837,232,191,Out of Stock
838,18,163,Available
839,451,101,Out of Stock
840,29,167,Out of Stock
841,416,49,Out of Stock
842,385,87,Available
843,91,153,Available
844,457,122,Out of Stock
845,193,100,Available
846,322,10,Available
847,265,117,Out of Stock
848,408,146,Out of Stock
849,110,134,Available
850,303,24,Available
851,167,110,Available
852,221,101,Available
853,225,119,Out of Stock
854,184,106,Available
855,42,134,Out of Stock
856,389,25,Out of Stock
857,387,32,Out of Stock
858,85,198,Out of Stock
859,55,95,Available
860,267,199,Available
861,158,79,Available
862,302,168,Available
863,140,62,Out of Stock
864,288,22,Available
865,480,137,Out of Stock
866,27,170,Available
867,23,83,Available
868,338,20,Out of Stock
869,400,162,Available
870,339,178,Out of Stock
871,185,81,Available
872,408,117,Available
873,326,65,Out of Stock
874,465,154,Available
875,346,147,Available
876,399,35,Out of Stock
877,296,129,Out of Stock
878,188,89,Available
879,124,101,Available
880,82,12,Available
881,14,59,Out of Stock
882,423,51,Available
883,355,30,Available
884,213,9,Available
885,100,73,Out of Stock
886,424,194,Out of Stock
887,186,109,Available
888,431,196,Out of Stock
889,135,54,Out of Stock
890,246,78,Out of Stock
891,457,4,Out of Stock
892,166,48,Available
893,348,144,Available
894,139,53,Out of Stock
895,16,194,Out of Stock
896,23,75,Available
897,228,51,Available
898,85,22,Out of Stock
899,445,99,Available
900,414,2,Available
901,14,19,Out of Stock
902,73,6,Out of Stock
903,140,90,Available
904,457,41,Out of Stock
905,337,195,Available
906,316,81,Out of Stock
907,354,32,Available
908,146,64,Available
909,271,173,Out of Stock
910,199,35,Out of Stock
911,216,88,Available
912,278,199,Out of Stock
913,187,130,Out of Stock
914,377,94,Available
915,372,180,Available
916,194,20,Available
917,284,191,Available
918,218,98,Out of Stock
919,465,84,Out of Stock
920,228,12,Available
921,396,196,Out of Stock
922,131,156,Available
923,445,44,Available
924,494,152,Out of Stock
925,329,59,Out of Stock
926,443,190,Available
927,256,200,Available
928,493,84,Available
929,170,57,Out of Stock
930,44,147,Available
931,81,138,Available
932,243,9,Available
933,471,120,Out of Stock
934,186,55,Out of Stock
935,255,18,Available
936,299,60,Available
937,460,180,Out of Stock
938,31,151,Available
939,65,24,Out of Stock
940,397,54,Available
941,470,105,Out of Stock
942,387,153,Available
943,297,124,Out of Stock
944,24,80,Out of Stock
945,390,80,Out of Stock
946,194,130,Available
947,464,42,Available
948,477,140,Available
949,98,77,Out of Stock
950,314,131,Out of Stock
951,440,25,Out of Stock
952,58,23,Available
953,380,60,Out of Stock
954,49,127,Available
955,397,173,Available
956,364,64,Available
957,271,148,Out of Stock
958,135,180,Available
959,123,28,Out of Stock
960,226,198,Available
961,151,10,Out of Stock
962,220,143,Out of Stock
963,16,165,Available
964,185,71,Out of Stock
965,394,113,Out of Stock
966,265,125,Out of Stock
967,22,190,Available
968,496,90,Out of Stock
969,81,141,Available
970,377,101,Out of Stock
971,46,147,Out of Stock
972,94,185,Available
973,284,27,Out of Stock
974,197,11,Available
975,320,9,Available
976,119,5,Out of Stock
977,260,126,Available
978,395,118,Out of Stock
979,446,13,Out of Stock
980,101,35,Out of Stock
981,230,173,Available
982,96,124,Available
983,436,76,Out of Stock
984,79,188,Out of Stock
985,354,119,Available
986,362,33,Available
987,396,2,Out of Stock
988,303,192,Out of Stock
989,437,170,Out of Stock
990,38,129,Available
991,254,118,Available
992,219,41,Available
993,391,61,Available
994,229,36,Out of Stock
995,457,29,Out of Stock
996,389,16,Out of Stock
997,397,93,Out of Stock
998,340,193,Available
999,242,77,Available
1000,407,2,Out of Stock
