{"SupplierID":1,"SupplierName":"Supplier_1","Performance":"Poor","AvgDeliveryTime":2.53}
{"SupplierID":2,"SupplierName":"Supplier_2","Performance":"Poor","AvgDeliveryTime":4.36}
{"SupplierID":3,"SupplierName":"Supplier_3","Performance":"Poor","AvgDeliveryTime":3.1}
{"SupplierID":4,"SupplierName":"Supplier_4","Performance":"Excellent","AvgDeliveryTime":5.62}
{"SupplierID":5,"SupplierName":"Supplier_5","Performance":"Average","AvgDeliveryTime":5.45}
{"SupplierID":6,"SupplierName":"Supplier_6","Performance":"Average","AvgDeliveryTime":2.15}
{"SupplierID":7,"SupplierName":"Supplier_7","Performance":"Excellent","AvgDeliveryTime":5.09}
{"SupplierID":8,"SupplierName":"Supplier_8","Performance":"Excellent","AvgDeliveryTime":8.74}
{"SupplierID":9,"SupplierName":"Supplier_9","Performance":"Excellent","AvgDeliveryTime":4.19}
{"SupplierID":10,"SupplierName":"Supplier_10","Performance":"Average","AvgDeliveryTime":4.38}
{"SupplierID":11,"SupplierName":"Supplier_11","Performance":"Average","AvgDeliveryTime":9.14}
{"SupplierID":12,"SupplierName":"Supplier_12","Performance":"Excellent","AvgDeliveryTime":7.27}
{"SupplierID":13,"SupplierName":"Supplier_13","Performance":"Excellent","AvgDeliveryTime":9.62}
{"SupplierID":14,"SupplierName":"Supplier_14","Performance":"Excellent","AvgDeliveryTime":9.11}
{"SupplierID":15,"SupplierName":"Supplier_15","Performance":"Average","AvgDeliveryTime":3.82}
{"SupplierID":16,"SupplierName":"Supplier_16","Performance":"Average","AvgDeliveryTime":4.91}
{"SupplierID":17,"SupplierName":"Supplier_17","Performance":"Excellent","AvgDeliveryTime":7.78}
{"SupplierID":18,"SupplierName":"Supplier_18","Performance":"Excellent","AvgDeliveryTime":9.52}
{"SupplierID":19,"SupplierName":"Supplier_19","Performance":"Poor","AvgDeliveryTime":7.29}
{"SupplierID":20,"SupplierName":"Supplier_20","Performance":"Poor","AvgDeliveryTime":9.61}
{"SupplierID":21,"SupplierName":"Supplier_21","Performance":"Average","AvgDeliveryTime":3.32}
{"SupplierID":22,"SupplierName":"Supplier_22","Performance":"Excellent","AvgDeliveryTime":9.9}
{"SupplierID":23,"SupplierName":"Supplier_23","Performance":"Poor","AvgDeliveryTime":9.93}
{"SupplierID":24,"SupplierName":"Supplier_24","Performance":"Good","AvgDeliveryTime":3.47}
{"SupplierID":25,"SupplierName":"Supplier_25","Performance":"Excellent","AvgDeliveryTime":5.03}
{"SupplierID":26,"SupplierName":"Supplier_26","Performance":"Excellent","AvgDeliveryTime":7.17}
{"SupplierID":27,"SupplierName":"Supplier_27","Performance":"Excellent","AvgDeliveryTime":4.44}
{"SupplierID":28,"SupplierName":"Supplier_28","Performance":"Good","AvgDeliveryTime":4.89}
{"SupplierID":29,"SupplierName":"Supplier_29","Performance":"Average","AvgDeliveryTime":6.59}
{"SupplierID":30,"SupplierName":"Supplier_30","Performance":"Good","AvgDeliveryTime":1.06}
{"SupplierID":31,"SupplierName":"Supplier_31","Performance":"Good","AvgDeliveryTime":2.79}
{"SupplierID":32,"SupplierName":"Supplier_32","Performance":"Average","AvgDeliveryTime":2.61}
{"SupplierID":33,"SupplierName":"Supplier_33","Performance":"Good","AvgDeliveryTime":3.03}
{"SupplierID":34,"SupplierName":"Supplier_34","Performance":"Poor","AvgDeliveryTime":3.9}
{"SupplierID":35,"SupplierName":"Supplier_35","Performance":"Excellent","AvgDeliveryTime":4.98}
{"SupplierID":36,"SupplierName":"Supplier_36","Performance":"Excellent","AvgDeliveryTime":4.18}
{"SupplierID":37,"SupplierName":"Supplier_37","Performance":"Poor","AvgDeliveryTime":5.11}
{"SupplierID":38,"SupplierName":"Supplier_38","Performance":"Poor","AvgDeliveryTime":2.6}
{"SupplierID":39,"SupplierName":"Supplier_39","Performance":"Poor","AvgDeliveryTime":8.32}
{"SupplierID":40,"SupplierName":"Supplier_40","Performance":"Poor","AvgDeliveryTime":9.02}
{"SupplierID":41,"SupplierName":"Supplier_41","Performance":"Excellent","AvgDeliveryTime":4.74}
{"SupplierID":42,"SupplierName":"Supplier_42","Performance":"Average","AvgDeliveryTime":1.28}
{"SupplierID":43,"SupplierName":"Supplier_43","Performance":"Poor","AvgDeliveryTime":6.86}
{"SupplierID":44,"SupplierName":"Supplier_44","Performance":"Good","AvgDeliveryTime":7.26}
{"SupplierID":45,"SupplierName":"Supplier_45","Performance":"Excellent","AvgDeliveryTime":4.54}
{"SupplierID":46,"SupplierName":"Supplier_46","Performance":"Poor","AvgDeliveryTime":5.51}
{"SupplierID":47,"SupplierName":"Supplier_47","Performance":"Poor","AvgDeliveryTime":5.08}
{"SupplierID":48,"SupplierName":"Supplier_48","Performance":"Excellent","AvgDeliveryTime":3.04}
{"SupplierID":49,"SupplierName":"Supplier_49","Performance":"Good","AvgDeliveryTime":7.31}
{"SupplierID":50,"SupplierName":"Supplier_50","Performance":"Excellent","AvgDeliveryTime":6.75}
{"SupplierID":51,"SupplierName":"Supplier_51","Performance":"Average","AvgDeliveryTime":6.03}
{"SupplierID":52,"SupplierName":"Supplier_52","Performance":"Good","AvgDeliveryTime":1.2}
{"SupplierID":53,"SupplierName":"Supplier_53","Performance":"Excellent","AvgDeliveryTime":2.55}
{"SupplierID":54,"SupplierName":"Supplier_54","Performance":"Excellent","AvgDeliveryTime":2.52}
{"SupplierID":55,"SupplierName":"Supplier_55","Performance":"Poor","AvgDeliveryTime":2.36}
{"SupplierID":56,"SupplierName":"Supplier_56","Performance":"Excellent","AvgDeliveryTime":7.68}
{"SupplierID":57,"SupplierName":"Supplier_57","Performance":"Good","AvgDeliveryTime":8.23}
{"SupplierID":58,"SupplierName":"Supplier_58","Performance":"Excellent","AvgDeliveryTime":8.01}
{"SupplierID":59,"SupplierName":"Supplier_59","Performance":"Good","AvgDeliveryTime":6.91}
{"SupplierID":60,"SupplierName":"Supplier_60","Performance":"Excellent","AvgDeliveryTime":6.44}
{"SupplierID":61,"SupplierName":"Supplier_61","Performance":"Good","AvgDeliveryTime":3.17}
{"SupplierID":62,"SupplierName":"Supplier_62","Performance":"Excellent","AvgDeliveryTime":6.06}
{"SupplierID":63,"SupplierName":"Supplier_63","Performance":"Good","AvgDeliveryTime":3.55}
{"SupplierID":64,"SupplierName":"Supplier_64","Performance":"Excellent","AvgDeliveryTime":4.54}
{"SupplierID":65,"SupplierName":"Supplier_65","Performance":"Good","AvgDeliveryTime":2.7}
{"SupplierID":66,"SupplierName":"Supplier_66","Performance":"Excellent","AvgDeliveryTime":6.74}
{"SupplierID":67,"SupplierName":"Supplier_67","Performance":"Excellent","AvgDeliveryTime":6.29}
{"SupplierID":68,"SupplierName":"Supplier_68","Performance":"Excellent","AvgDeliveryTime":2.91}
{"SupplierID":69,"SupplierName":"Supplier_69","Performance":"Poor","AvgDeliveryTime":7.63}
{"SupplierID":70,"SupplierName":"Supplier_70","Performance":"Average","AvgDeliveryTime":4.14}
{"SupplierID":71,"SupplierName":"Supplier_71","Performance":"Average","AvgDeliveryTime":7.33}
{"SupplierID":72,"SupplierName":"Supplier_72","Performance":"Average","AvgDeliveryTime":9.38}
{"SupplierID":73,"SupplierName":"Supplier_73","Performance":"Good","AvgDeliveryTime":7.82}
{"SupplierID":74,"SupplierName":"Supplier_74","Performance":"Average","AvgDeliveryTime":1.76}
{"SupplierID":75,"SupplierName":"Supplier_75","Performance":"Good","AvgDeliveryTime":7.41}
{"SupplierID":76,"SupplierName":"Supplier_76","Performance":"Average","AvgDeliveryTime":5.58}
{"SupplierID":77,"SupplierName":"Supplier_77","Performance":"Average","AvgDeliveryTime":8.06}
{"SupplierID":78,"SupplierName":"Supplier_78","Performance":"Poor","AvgDeliveryTime":8.94}
{"SupplierID":79,"SupplierName":"Supplier_79","Performance":"Average","AvgDeliveryTime":1.14}
{"SupplierID":80,"SupplierName":"Supplier_80","Performance":"Excellent","AvgDeliveryTime":5.51}
{"SupplierID":81,"SupplierName":"Supplier_81","Performance":"Poor","AvgDeliveryTime":8.67}
{"SupplierID":82,"SupplierName":"Supplier_82","Performance":"Poor","AvgDeliveryTime":1.7}
{"SupplierID":83,"SupplierName":"Supplier_83","Performance":"Excellent","AvgDeliveryTime":5.46}
{"SupplierID":84,"SupplierName":"Supplier_84","Performance":"Average","AvgDeliveryTime":6.71}
{"SupplierID":85,"SupplierName":"Supplier_85","Performance":"Good","AvgDeliveryTime":8.61}
{"SupplierID":86,"SupplierName":"Supplier_86","Performance":"Excellent","AvgDeliveryTime":4.05}
{"SupplierID":87,"SupplierName":"Supplier_87","Performance":"Excellent","AvgDeliveryTime":6.8}
{"SupplierID":88,"SupplierName":"Supplier_88","Performance":"Good","AvgDeliveryTime":9.76}
{"SupplierID":89,"SupplierName":"Supplier_89","Performance":"Poor","AvgDeliveryTime":7.62}
{"SupplierID":90,"SupplierName":"Supplier_90","Performance":"Average","AvgDeliveryTime":4.79}
{"SupplierID":91,"SupplierName":"Supplier_91","Performance":"Poor","AvgDeliveryTime":2.91}
{"SupplierID":92,"SupplierName":"Supplier_92","Performance":"Poor","AvgDeliveryTime":7.96}
{"SupplierID":93,"SupplierName":"Supplier_93","Performance":"Average","AvgDeliveryTime":1.99}
{"SupplierID":94,"SupplierName":"Supplier_94","Performance":"Excellent","AvgDeliveryTime":6.17}
{"SupplierID":95,"SupplierName":"Supplier_95","Performance":"Poor","AvgDeliveryTime":5.43}
{"SupplierID":96,"SupplierName":"Supplier_96","Performance":"Poor","AvgDeliveryTime":1.72}
{"SupplierID":97,"SupplierName":"Supplier_97","Performance":"Average","AvgDeliveryTime":3.94}
{"SupplierID":98,"SupplierName":"Supplier_98","Performance":"Poor","AvgDeliveryTime":4.32}
{"SupplierID":99,"SupplierName":"Supplier_99","Performance":"Good","AvgDeliveryTime":1.74}
{"SupplierID":100,"SupplierName":"Supplier_100","Performance":"Excellent","AvgDeliveryTime":3.7}
{"SupplierID":101,"SupplierName":"Supplier_101","Performance":"Good","AvgDeliveryTime":3.92}
{"SupplierID":102,"SupplierName":"Supplier_102","Performance":"Good","AvgDeliveryTime":6.61}
{"SupplierID":103,"SupplierName":"Supplier_103","Performance":"Average","AvgDeliveryTime":5.57}
{"SupplierID":104,"SupplierName":"Supplier_104","Performance":"Excellent","AvgDeliveryTime":7.99}
{"SupplierID":105,"SupplierName":"Supplier_105","Performance":"Poor","AvgDeliveryTime":7.79}
{"SupplierID":106,"SupplierName":"Supplier_106","Performance":"Excellent","AvgDeliveryTime":1.33}
{"SupplierID":107,"SupplierName":"Supplier_107","Performance":"Excellent","AvgDeliveryTime":9.41}
{"SupplierID":108,"SupplierName":"Supplier_108","Performance":"Excellent","AvgDeliveryTime":8.19}
{"SupplierID":109,"SupplierName":"Supplier_109","Performance":"Poor","AvgDeliveryTime":2.88}
{"SupplierID":110,"SupplierName":"Supplier_110","Performance":"Excellent","AvgDeliveryTime":4.68}
{"SupplierID":111,"SupplierName":"Supplier_111","Performance":"Excellent","AvgDeliveryTime":2.3}
{"SupplierID":112,"SupplierName":"Supplier_112","Performance":"Average","AvgDeliveryTime":4.81}
{"SupplierID":113,"SupplierName":"Supplier_113","Performance":"Poor","AvgDeliveryTime":3.42}
{"SupplierID":114,"SupplierName":"Supplier_114","Performance":"Average","AvgDeliveryTime":9.72}
{"SupplierID":115,"SupplierName":"Supplier_115","Performance":"Good","AvgDeliveryTime":9.82}
{"SupplierID":116,"SupplierName":"Supplier_116","Performance":"Excellent","AvgDeliveryTime":4.9}
{"SupplierID":117,"SupplierName":"Supplier_117","Performance":"Poor","AvgDeliveryTime":5.39}
{"SupplierID":118,"SupplierName":"Supplier_118","Performance":"Average","AvgDeliveryTime":2.24}
{"SupplierID":119,"SupplierName":"Supplier_119","Performance":"Excellent","AvgDeliveryTime":1.06}
{"SupplierID":120,"SupplierName":"Supplier_120","Performance":"Average","AvgDeliveryTime":3.2}
{"SupplierID":121,"SupplierName":"Supplier_121","Performance":"Average","AvgDeliveryTime":1.92}
{"SupplierID":122,"SupplierName":"Supplier_122","Performance":"Good","AvgDeliveryTime":2.71}
{"SupplierID":123,"SupplierName":"Supplier_123","Performance":"Average","AvgDeliveryTime":8.35}
{"SupplierID":124,"SupplierName":"Supplier_124","Performance":"Excellent","AvgDeliveryTime":7.28}
{"SupplierID":125,"SupplierName":"Supplier_125","Performance":"Good","AvgDeliveryTime":9.85}
{"SupplierID":126,"SupplierName":"Supplier_126","Performance":"Good","AvgDeliveryTime":6.72}
{"SupplierID":127,"SupplierName":"Supplier_127","Performance":"Good","AvgDeliveryTime":3.64}
{"SupplierID":128,"SupplierName":"Supplier_128","Performance":"Poor","AvgDeliveryTime":1.01}
{"SupplierID":129,"SupplierName":"Supplier_129","Performance":"Average","AvgDeliveryTime":5.09}
{"SupplierID":130,"SupplierName":"Supplier_130","Performance":"Average","AvgDeliveryTime":4.64}
{"SupplierID":131,"SupplierName":"Supplier_131","Performance":"Good","AvgDeliveryTime":3.04}
{"SupplierID":132,"SupplierName":"Supplier_132","Performance":"Poor","AvgDeliveryTime":8.24}
{"SupplierID":133,"SupplierName":"Supplier_133","Performance":"Poor","AvgDeliveryTime":9.26}
{"SupplierID":134,"SupplierName":"Supplier_134","Performance":"Poor","AvgDeliveryTime":1.07}
{"SupplierID":135,"SupplierName":"Supplier_135","Performance":"Poor","AvgDeliveryTime":3.7}
{"SupplierID":136,"SupplierName":"Supplier_136","Performance":"Average","AvgDeliveryTime":9.62}
{"SupplierID":137,"SupplierName":"Supplier_137","Performance":"Good","AvgDeliveryTime":3.61}
{"SupplierID":138,"SupplierName":"Supplier_138","Performance":"Good","AvgDeliveryTime":2.88}
{"SupplierID":139,"SupplierName":"Supplier_139","Performance":"Good","AvgDeliveryTime":1.11}
{"SupplierID":140,"SupplierName":"Supplier_140","Performance":"Poor","AvgDeliveryTime":6.83}
{"SupplierID":141,"SupplierName":"Supplier_141","Performance":"Poor","AvgDeliveryTime":2.22}
{"SupplierID":142,"SupplierName":"Supplier_142","Performance":"Average","AvgDeliveryTime":9.09}
{"SupplierID":143,"SupplierName":"Supplier_143","Performance":"Excellent","AvgDeliveryTime":1.94}
{"SupplierID":144,"SupplierName":"Supplier_144","Performance":"Poor","AvgDeliveryTime":8.41}
{"SupplierID":145,"SupplierName":"Supplier_145","Performance":"Average","AvgDeliveryTime":9.48}
{"SupplierID":146,"SupplierName":"Supplier_146","Performance":"Average","AvgDeliveryTime":7.39}
{"SupplierID":147,"SupplierName":"Supplier_147","Performance":"Average","AvgDeliveryTime":4.0}
{"SupplierID":148,"SupplierName":"Supplier_148","Performance":"Poor","AvgDeliveryTime":3.86}
{"SupplierID":149,"SupplierName":"Supplier_149","Performance":"Excellent","AvgDeliveryTime":8.75}
{"SupplierID":150,"SupplierName":"Supplier_150","Performance":"Poor","AvgDeliveryTime":9.29}
{"SupplierID":151,"SupplierName":"Supplier_151","Performance":"Excellent","AvgDeliveryTime":1.29}
{"SupplierID":152,"SupplierName":"Supplier_152","Performance":"Average","AvgDeliveryTime":2.37}
{"SupplierID":153,"SupplierName":"Supplier_153","Performance":"Poor","AvgDeliveryTime":7.02}
{"SupplierID":154,"SupplierName":"Supplier_154","Performance":"Poor","AvgDeliveryTime":4.22}
{"SupplierID":155,"SupplierName":"Supplier_155","Performance":"Good","AvgDeliveryTime":1.1}
{"SupplierID":156,"SupplierName":"Supplier_156","Performance":"Good","AvgDeliveryTime":1.04}
{"SupplierID":157,"SupplierName":"Supplier_157","Performance":"Good","AvgDeliveryTime":8.31}
{"SupplierID":158,"SupplierName":"Supplier_158","Performance":"Good","AvgDeliveryTime":3.83}
{"SupplierID":159,"SupplierName":"Supplier_159","Performance":"Average","AvgDeliveryTime":2.11}
{"SupplierID":160,"SupplierName":"Supplier_160","Performance":"Average","AvgDeliveryTime":6.31}
{"SupplierID":161,"SupplierName":"Supplier_161","Performance":"Poor","AvgDeliveryTime":8.26}
{"SupplierID":162,"SupplierName":"Supplier_162","Performance":"Good","AvgDeliveryTime":5.83}
{"SupplierID":163,"SupplierName":"Supplier_163","Performance":"Good","AvgDeliveryTime":8.41}
{"SupplierID":164,"SupplierName":"Supplier_164","Performance":"Poor","AvgDeliveryTime":1.49}
{"SupplierID":165,"SupplierName":"Supplier_165","Performance":"Average","AvgDeliveryTime":9.99}
{"SupplierID":166,"SupplierName":"Supplier_166","Performance":"Average","AvgDeliveryTime":5.76}
{"SupplierID":167,"SupplierName":"Supplier_167","Performance":"Good","AvgDeliveryTime":8.89}
{"SupplierID":168,"SupplierName":"Supplier_168","Performance":"Good","AvgDeliveryTime":3.05}
{"SupplierID":169,"SupplierName":"Supplier_169","Performance":"Poor","AvgDeliveryTime":2.79}
{"SupplierID":170,"SupplierName":"Supplier_170","Performance":"Good","AvgDeliveryTime":5.66}
{"SupplierID":171,"SupplierName":"Supplier_171","Performance":"Average","AvgDeliveryTime":6.11}
{"SupplierID":172,"SupplierName":"Supplier_172","Performance":"Average","AvgDeliveryTime":1.78}
{"SupplierID":173,"SupplierName":"Supplier_173","Performance":"Poor","AvgDeliveryTime":4.96}
{"SupplierID":174,"SupplierName":"Supplier_174","Performance":"Poor","AvgDeliveryTime":2.18}
{"SupplierID":175,"SupplierName":"Supplier_175","Performance":"Good","AvgDeliveryTime":2.85}
{"SupplierID":176,"SupplierName":"Supplier_176","Performance":"Average","AvgDeliveryTime":8.52}
{"SupplierID":177,"SupplierName":"Supplier_177","Performance":"Excellent","AvgDeliveryTime":5.18}
{"SupplierID":178,"SupplierName":"Supplier_178","Performance":"Average","AvgDeliveryTime":9.96}
{"SupplierID":179,"SupplierName":"Supplier_179","Performance":"Excellent","AvgDeliveryTime":2.27}
{"SupplierID":180,"SupplierName":"Supplier_180","Performance":"Average","AvgDeliveryTime":9.24}
{"SupplierID":181,"SupplierName":"Supplier_181","Performance":"Average","AvgDeliveryTime":8.23}
{"SupplierID":182,"SupplierName":"Supplier_182","Performance":"Average","AvgDeliveryTime":7.57}
{"SupplierID":183,"SupplierName":"Supplier_183","Performance":"Good","AvgDeliveryTime":6.52}
{"SupplierID":184,"SupplierName":"Supplier_184","Performance":"Good","AvgDeliveryTime":7.67}
{"SupplierID":185,"SupplierName":"Supplier_185","Performance":"Poor","AvgDeliveryTime":5.77}
{"SupplierID":186,"SupplierName":"Supplier_186","Performance":"Poor","AvgDeliveryTime":8.76}
{"SupplierID":187,"SupplierName":"Supplier_187","Performance":"Good","AvgDeliveryTime":1.22}
{"SupplierID":188,"SupplierName":"Supplier_188","Performance":"Poor","AvgDeliveryTime":4.75}
{"SupplierID":189,"SupplierName":"Supplier_189","Performance":"Average","AvgDeliveryTime":7.79}
{"SupplierID":190,"SupplierName":"Supplier_190","Performance":"Excellent","AvgDeliveryTime":8.98}
{"SupplierID":191,"SupplierName":"Supplier_191","Performance":"Average","AvgDeliveryTime":5.63}
{"SupplierID":192,"SupplierName":"Supplier_192","Performance":"Average","AvgDeliveryTime":5.2}
{"SupplierID":193,"SupplierName":"Supplier_193","Performance":"Good","AvgDeliveryTime":5.26}
{"SupplierID":194,"SupplierName":"Supplier_194","Performance":"Average","AvgDeliveryTime":4.72}
{"SupplierID":195,"SupplierName":"Supplier_195","Performance":"Average","AvgDeliveryTime":7.97}
{"SupplierID":196,"SupplierName":"Supplier_196","Performance":"Excellent","AvgDeliveryTime":4.32}
{"SupplierID":197,"SupplierName":"Supplier_197","Performance":"Poor","AvgDeliveryTime":3.79}
{"SupplierID":198,"SupplierName":"Supplier_198","Performance":"Excellent","AvgDeliveryTime":5.39}
{"SupplierID":199,"SupplierName":"Supplier_199","Performance":"Good","AvgDeliveryTime":3.44}
{"SupplierID":200,"SupplierName":"Supplier_200","Performance":"Good","AvgDeliveryTime":4.92}
